Patient 4,,,,,,,,,
Time ,Ankle,,,Thigh,,,Trunk,,
ms,Horizontal forward,Vertical,Horizontal Lateral,Horizontal forward,Vertical,Horizontal Lateral,Horizontal forward,Vertical,Horizontal Lateral
15,40,19,-960,754,481,303,97,47,-990
31,40,19,-960,763,500,333,97,47,-990
46,40,29,-960,745,472,303,106,38,-980
62,40,29,-960,754,481,303,106,38,-980
78,50,19,-950,763,481,313,87,28,-990
93,50,19,-950,754,481,313,106,28,-990
109,50,19,-950,754,481,313,106,28,-990
125,50,19,-950,763,472,313,97,38,-951
140,50,19,-950,763,481,303,106,38,-1000
156,50,19,-950,763,481,323,106,38,-1000
171,50,19,-950,745,481,303,106,38,-980
187,20,29,-970,763,490,303,97,28,-970
203,50,19,-960,763,472,313,97,28,-970
218,40,19,-950,763,490,303,77,47,-1000
234,40,19,-950,754,481,323,97,38,-970
250,50,19,-950,763,481,313,97,38,-970
265,40,39,-970,763,481,282,97,38,-970
281,60,29,-970,763,481,282,87,47,-961
296,60,29,-960,754,481,303,106,28,-970
312,50,29,-950,763,490,292,106,28,-970
328,50,29,-960,763,481,313,87,47,-970
343,50,29,-960,763,462,313,97,47,-980
359,40,19,-960,763,481,303,106,47,-980
375,60,29,-970,763,481,292,106,47,-980
390,50,19,-970,763,481,292,77,47,-961
406,60,9,-970,754,472,303,106,47,-1000
421,50,19,-950,754,490,303,106,38,-961
437,40,29,-960,763,481,313,87,38,-970
453,60,29,-960,763,481,313,87,38,-970
468,60,29,-960,772,490,292,106,38,-990
484,50,19,-950,772,490,292,97,38,-961
500,50,19,-950,772,490,292,87,38,-990
515,60,9,-950,772,490,292,106,38,-980
531,40,29,-950,772,490,292,87,28,-941
546,50,29,-960,772,490,292,87,28,-941
562,30,19,-960,772,490,292,97,38,-990
578,40,19,-960,772,490,292,116,28,-970
593,40,19,-960,772,490,292,97,38,-980
609,60,9,-960,772,490,292,97,57,-980
625,50,19,-970,745,481,313,106,47,-961
640,50,19,-950,763,481,292,97,38,-980
656,50,19,-950,754,481,292,97,38,-980
671,50,19,-950,763,472,313,97,47,-970
687,50,29,-970,754,481,313,87,28,-990
703,50,19,-940,754,490,333,97,38,-970
718,40,9,-960,772,472,303,97,28,-970
734,60,29,-960,754,481,323,97,38,-980
750,60,29,-960,763,490,313,97,47,-961
765,60,29,-960,763,490,313,106,47,-990
781,40,39,-970,754,472,292,106,47,-990
796,50,39,-980,754,481,292,97,38,-970
812,50,39,-980,754,490,313,106,47,-990
828,40,19,-950,763,500,292,106,38,-980
843,60,19,-960,763,500,292,106,38,-951
859,50,9,-950,754,481,303,77,47,-970
875,50,29,-970,754,490,303,97,28,-970
890,50,29,-970,754,472,303,97,38,-961
906,50,19,-970,754,472,303,106,47,-990
921,50,19,-970,754,481,292,97,38,-990
937,50,29,-960,754,481,303,97,38,-990
953,50,29,-960,745,490,323,97,47,-1000
968,50,9,-950,745,481,313,87,47,-980
984,30,29,-960,763,481,303,106,28,-1000
1000,50,19,-970,763,481,303,87,38,-970
1015,40,29,-970,754,481,313,87,38,-951
1031,40,29,-970,754,490,313,106,28,-980
1046,50,29,-970,763,481,303,116,28,-980
1062,40,29,-960,763,481,303,97,38,-980
1078,40,39,-970,754,481,313,106,38,-990
1093,40,39,-970,772,462,313,87,28,-961
1109,50,19,-950,772,462,313,116,28,-990
1125,30,9,-970,763,481,282,106,38,-980
1140,60,19,-960,754,481,303,106,38,-980
1156,60,19,-960,754,481,303,87,38,-990
1171,60,19,-960,754,481,313,97,28,-961
1187,50,29,-950,754,481,313,106,38,-1000
1203,40,9,-950,754,481,313,106,47,-990
1218,40,29,-970,754,481,313,97,38,-951
1234,40,29,-970,754,481,313,106,38,-990
1250,50,19,-960,754,481,313,97,38,-980
1265,50,19,-970,754,481,313,97,38,-961
1281,40,19,-970,754,481,313,106,47,-980
1296,40,29,-960,763,481,313,87,38,-980
1312,40,19,-970,763,481,313,97,28,-970
1328,40,19,-970,763,490,292,106,38,-980
1343,50,29,-970,754,490,323,106,28,-990
1359,60,19,-960,754,481,313,87,38,-951
1375,40,29,-960,754,472,313,97,47,-980
1390,50,29,-970,754,481,313,97,38,-961
1406,60,19,-960,754,481,313,97,38,-961
1421,60,19,-960,763,500,323,87,28,-980
1437,60,39,-960,763,500,323,97,47,-990
1453,40,29,-970,772,462,313,106,28,-961
1468,50,29,-960,745,481,313,87,28,-970
1484,50,19,-960,754,481,303,97,47,-970
1500,50,19,-960,763,481,313,97,47,-961
1515,50,19,-960,754,481,313,77,38,-980
1531,40,29,-980,754,481,303,97,38,-970
1546,50,19,-940,763,490,303,97,47,-961
1562,50,29,-960,763,490,303,97,28,-970
1578,50,29,-950,763,472,313,97,38,-980
1593,60,29,-960,745,481,303,97,38,-980
1609,50,19,-960,745,481,303,87,38,-980
1625,50,19,-960,754,490,323,106,38,-961
1640,40,29,-960,754,490,303,97,28,-970
1656,30,19,-960,763,481,303,97,38,-970
1671,50,19,-980,763,481,303,97,57,-970
1687,50,39,-980,745,490,303,97,28,-1000
1703,60,29,-960,745,490,303,97,28,-980
1718,60,29,-960,736,490,282,77,47,-970
1734,50,19,-960,754,481,292,106,38,-990
1750,60,9,-960,754,481,292,97,28,-990
1765,50,19,-990,754,490,292,106,38,-980
1781,50,19,-960,754,490,292,106,38,-980
1796,50,29,-970,745,472,303,106,28,-970
1812,70,9,-950,754,490,313,106,28,-980
1828,50,9,-980,772,472,323,106,28,-980
1843,50,19,-960,763,472,313,97,38,-970
1859,40,19,-960,763,472,313,106,19,-970
1875,60,9,-960,772,472,313,97,47,-980
1890,60,9,-960,772,472,292,77,38,-990
1906,50,19,-980,763,481,313,97,38,-970
1921,50,0,-960,745,490,303,97,38,-980
1937,50,29,-950,763,490,303,106,28,-970
1953,50,19,-950,754,481,303,106,38,-980
1968,40,19,-960,754,481,292,97,47,-961
1984,50,39,-970,763,472,292,106,28,-980
2000,60,29,-950,763,481,313,87,47,-990
2015,40,19,-960,772,472,303,106,38,-961
2031,50,19,-960,754,472,313,77,28,-980
2046,50,19,-960,763,481,272,106,47,-951
2062,40,29,-950,763,490,303,116,38,-970
2078,40,9,-970,754,481,282,97,38,-970
2093,50,19,-980,763,481,303,106,47,-980
2109,40,29,-960,763,490,303,106,38,-970
2125,50,9,-950,772,472,292,97,28,-970
2140,50,9,-950,763,481,313,106,47,-990
2156,60,19,-980,763,490,303,106,28,-961
2171,40,19,-960,772,462,282,87,38,-980
2187,70,19,-960,754,472,292,97,38,-980
2203,60,29,-940,763,490,313,106,28,-980
2218,50,29,-950,754,481,323,106,38,-970
2234,50,19,-950,763,472,292,106,28,-1000
2250,50,29,-950,763,481,303,106,57,-980
2265,60,19,-950,763,490,292,97,38,-961
2281,40,29,-950,763,490,303,97,38,-961
2296,40,29,-950,754,490,303,97,38,-990
2312,50,19,-960,754,481,303,116,28,-980
2328,40,9,-960,772,462,313,87,47,-990
2343,40,39,-960,772,481,303,87,38,-961
2359,60,29,-950,763,490,292,97,38,-990
2375,60,29,-950,772,472,303,87,38,-951
2390,50,19,-970,772,472,303,97,28,-990
2406,50,39,-960,763,472,313,106,38,-970
2421,40,19,-940,763,472,292,97,47,-970
2437,50,29,-960,745,490,303,97,47,-990
2453,50,29,-970,763,472,323,97,47,-961
2468,50,0,-970,754,472,303,97,38,-970
2484,60,29,-990,754,481,333,106,38,-980
2500,50,19,-980,754,481,313,97,28,-970
2515,50,19,-980,772,490,303,97,28,-980
2531,50,29,-960,763,462,272,116,38,-970
2546,60,9,-950,754,490,313,97,38,-970
2562,40,29,-960,745,481,313,87,28,-970
2578,60,29,-960,772,481,323,106,38,-961
2593,50,9,-950,754,481,292,97,38,-980
2609,30,29,-950,745,481,303,97,28,-990
2625,40,29,-970,745,481,313,106,38,-961
2640,30,19,-960,754,472,303,87,47,-970
2656,60,29,-970,754,481,303,106,28,-990
2671,50,9,-960,763,481,333,97,47,-970
2687,60,19,-960,754,490,323,106,38,-980
2703,60,29,-970,763,481,313,106,19,-980
2718,40,19,-950,763,481,303,106,28,-970
2734,60,19,-970,763,462,323,97,38,-941
2750,30,19,-940,763,472,333,106,28,-970
2765,60,19,-960,763,481,323,77,38,-961
2781,60,29,-960,754,490,292,106,38,-1000
2796,60,0,-960,772,481,303,97,28,-951
2812,50,19,-980,754,490,303,87,28,-970
2828,50,29,-950,754,500,282,97,38,-990
2843,50,29,-950,763,481,272,106,28,-961
2859,40,29,-950,754,490,303,87,38,-1000
2875,50,29,-950,745,490,303,97,38,-980
2890,50,29,-960,745,490,323,116,38,-990
2906,50,19,-940,763,481,303,97,38,-961
2921,50,19,-940,763,481,313,97,38,-990
2937,50,19,-950,763,481,303,97,38,-990
2953,50,29,-940,763,481,292,97,19,-970
2968,50,29,-970,754,490,292,87,57,-961
2984,50,19,-960,754,472,282,87,47,-990
3000,40,29,-980,745,481,303,97,38,-970
3015,50,39,-960,754,490,313,106,38,-980
3031,50,19,-960,763,481,292,97,38,-980
3046,50,29,-960,763,481,292,97,38,-961
3062,50,19,-970,763,472,313,97,38,-961
3078,40,9,-960,754,481,282,97,38,-970
3093,50,29,-980,754,490,303,87,28,-980
3109,40,29,-970,772,472,323,116,19,-961
3125,40,29,-980,763,490,313,97,38,-970
3140,40,29,-960,763,481,303,106,47,-990
3156,40,29,-970,754,481,303,97,38,-970
3171,40,29,-970,763,481,313,87,47,-951
3187,40,19,-970,745,490,303,106,47,-990
3203,40,19,-960,763,490,282,106,38,-951
3218,50,19,-950,763,481,313,97,38,-990
3234,50,39,-960,754,472,303,97,38,-941
3250,40,29,-950,754,490,313,97,38,-970
3265,40,29,-970,754,490,303,97,28,-961
3281,60,29,-950,754,481,303,116,38,-980
3296,40,9,-960,754,490,303,97,38,-990
3312,50,29,-960,772,481,303,106,38,-980
3328,60,9,-970,754,500,313,106,38,-951
3343,40,29,-960,772,490,303,97,28,-980
3359,40,29,-960,772,481,292,87,28,-970
3375,60,29,-950,754,481,303,106,28,-1000
3390,60,19,-980,772,481,313,106,38,-980
3406,50,29,-960,763,472,323,97,47,-980
3421,40,9,-980,763,481,303,97,47,-961
3437,50,19,-950,763,472,313,106,38,-990
3453,50,29,-950,754,490,323,97,28,-980
3468,50,19,-970,754,472,323,97,38,-970
3484,60,19,-960,754,481,313,87,38,-980
3500,30,29,-950,754,490,313,97,28,-990
3515,30,19,-940,763,481,303,106,38,-951
3531,50,19,-950,754,500,292,97,47,-990
3546,40,29,-960,754,472,313,97,38,-970
3562,40,19,-960,754,472,313,87,38,-970
3578,40,29,-960,754,490,303,87,57,-961
3593,60,29,-970,772,481,292,106,28,-970
3609,50,19,-970,754,481,303,106,38,-970
3625,50,29,-950,754,490,313,106,38,-980
3640,60,29,-960,745,490,282,116,19,-1000
3656,60,19,-960,754,500,282,97,38,-970
3671,50,29,-940,754,481,303,106,28,-980
3687,60,29,-980,772,481,303,106,28,-990
3703,60,29,-980,763,481,323,97,38,-970
3718,60,19,-960,754,490,303,87,38,-1009
3734,50,29,-940,754,481,303,106,28,-961
3750,60,19,-950,754,481,303,87,38,-970
3765,40,19,-950,763,481,292,106,38,-1000
3781,60,19,-970,763,481,313,106,38,-1000
3796,60,19,-950,763,481,313,106,28,-970
3812,60,29,-960,763,490,303,106,38,-970
3828,60,29,-960,763,481,313,106,38,-970
3843,60,19,-950,754,481,303,106,38,-980
3859,40,19,-960,763,481,313,87,38,-980
3875,70,29,-970,763,481,313,106,28,-970
3890,70,29,-970,763,509,292,97,38,-970
3906,50,19,-940,763,481,303,106,47,-970
3921,50,19,-940,754,490,303,97,38,-980
3937,30,9,-960,763,481,303,97,38,-980
3953,50,39,-960,763,490,303,97,38,-970
3968,50,9,-940,763,490,303,97,38,-1000
3984,50,9,-940,745,490,313,97,47,-980
4000,50,29,-960,745,481,323,106,28,-980
4015,70,19,-960,754,481,323,87,57,-1000
4031,70,19,-960,754,481,303,97,38,-970
4046,50,19,-950,754,481,323,116,38,-990
4062,50,39,-980,754,481,323,97,38,-961
4078,50,39,-980,745,490,292,87,47,-990
4093,40,19,-960,772,462,313,97,38,-961
4109,40,19,-960,754,481,323,87,28,-961
4125,60,19,-950,763,472,292,106,47,-1000
4140,60,19,-950,754,481,323,97,28,-970
4156,60,19,-950,754,481,323,97,47,-990
4171,60,19,-950,754,481,323,87,38,-961
4187,60,19,-950,763,490,303,97,38,-970
4203,60,19,-950,754,490,313,97,38,-990
4218,60,19,-950,772,472,313,106,38,-951
4234,60,19,-950,745,481,303,77,38,-970
4250,60,9,-970,745,472,323,116,19,-961
4265,40,19,-940,763,472,323,97,38,-970
4281,50,39,-960,763,472,323,106,47,-990
4296,40,9,-960,763,472,313,87,38,-970
4312,60,9,-960,745,490,313,97,38,-990
4328,50,29,-940,763,481,333,97,47,-1000
4343,50,29,-940,763,481,323,97,28,-961
4359,50,29,-950,745,490,292,87,38,-990
4375,40,29,-960,763,472,303,106,38,-980
4390,40,19,-960,763,472,303,97,28,-980
4406,50,19,-970,754,481,303,87,38,-970
4421,40,9,-980,745,472,303,97,28,-990
4437,40,19,-960,763,481,313,106,38,-970
4453,40,19,-960,781,462,292,87,38,-980
4468,60,19,-980,763,481,313,106,38,-990
4484,40,49,-970,754,490,313,97,28,-951
4500,60,19,-970,763,481,303,106,28,-980
4515,60,19,-970,763,481,303,97,28,-980
4531,60,9,-960,763,481,323,106,28,-970
4546,50,19,-960,754,472,313,87,38,-990
4562,50,39,-970,754,481,333,97,38,-970
4578,50,39,-970,754,490,292,97,38,-970
4593,60,19,-970,763,472,313,97,38,-990
4609,50,29,-960,781,462,333,106,38,-970
4625,60,29,-990,754,490,303,106,57,-1019
4640,40,29,-960,763,481,303,106,28,-980
4656,60,9,-970,763,472,303,97,38,-970
4671,40,19,-960,763,472,303,97,38,-970
4687,50,39,-960,745,481,343,97,47,-980
4703,50,29,-970,763,472,292,97,28,-1000
4718,50,19,-960,754,490,333,97,38,-970
4734,50,29,-970,745,481,303,97,38,-980
4750,50,9,-950,754,481,303,97,47,-970
4765,60,19,-950,763,481,303,97,38,-970
4781,20,19,-980,763,490,282,106,47,-980
4796,50,29,-960,763,472,313,87,38,-961
4812,40,19,-970,763,490,303,97,47,-980
4828,70,19,-970,763,462,323,97,47,-980
4843,50,19,-970,745,481,303,97,38,-961
4859,50,19,-970,754,481,303,97,38,-990
4875,40,29,-950,754,490,303,106,38,-970
4890,40,19,-960,754,490,303,97,28,-961
4906,60,19,-950,763,481,303,97,28,-990
4921,60,19,-950,736,500,313,97,28,-970
4937,40,19,-960,772,481,282,97,38,-990
4953,40,19,-960,772,472,292,87,38,-961
4968,50,29,-950,754,500,303,87,38,-961
4984,50,19,-970,763,481,323,97,38,-990
5000,50,29,-970,763,481,292,87,38,-951
5015,30,29,-960,763,490,282,87,57,-970
5031,40,19,-960,736,481,323,116,28,-980
5046,60,19,-950,763,490,313,87,28,-941
5062,60,19,-960,763,490,292,116,38,-990
5078,40,9,-970,772,481,292,87,47,-980
5093,60,29,-970,754,490,292,106,28,-961
5109,50,29,-950,754,490,303,106,28,-980
5125,60,29,-980,763,490,292,97,47,-980
5140,40,29,-950,754,481,303,106,28,-990
5156,50,29,-980,763,481,313,87,47,-961
5171,60,29,-960,772,490,303,97,47,-970
5187,30,29,-950,763,472,303,97,28,-990
5203,30,29,-950,745,472,292,87,47,-961
5218,60,19,-950,745,472,292,106,47,-1000
5234,50,29,-970,754,481,303,97,28,-970
5250,50,19,-960,763,472,323,87,38,-980
5265,50,39,-970,754,481,292,106,38,-970
5281,50,39,-970,754,481,303,106,28,-970
5296,60,19,-970,763,500,323,87,38,-970
5312,30,19,-950,763,481,303,106,47,-970
5328,40,19,-950,763,490,303,106,28,-990
5343,70,29,-960,736,490,323,77,38,-961
5359,50,9,-950,754,481,313,106,47,-990
5375,60,19,-960,754,472,303,106,28,-970
5390,50,9,-970,754,481,313,116,19,-970
5406,50,29,-980,763,481,292,106,38,-1000
5421,50,29,-970,772,481,313,87,38,-980
5437,50,29,-970,754,490,313,97,47,-980
5453,50,29,-950,754,481,303,106,38,-970
5468,50,29,-960,754,481,303,106,38,-961
5484,40,29,-960,763,472,303,97,47,-961
5500,60,19,-960,754,481,313,97,38,-980
5515,60,39,-970,763,481,313,97,38,-980
5531,60,0,-970,763,481,303,106,28,-1000
5546,60,19,-960,754,481,303,106,38,-970
5562,50,39,-980,754,481,313,87,38,-970
5578,50,19,-960,763,481,292,106,28,-970
5593,50,19,-950,754,472,303,97,28,-961
5609,50,19,-970,745,490,303,106,47,-990
5625,60,29,-950,745,490,303,106,28,-970
5640,60,9,-960,763,481,303,87,47,-970
5656,50,9,-940,763,481,313,106,47,-970
5671,60,19,-950,772,481,303,97,28,-980
5687,40,39,-960,763,481,313,87,47,-951
5703,40,29,-980,754,472,303,97,38,-990
5718,40,19,-940,754,481,303,97,28,-970
5734,40,29,-970,745,481,313,97,38,-980
5750,50,9,-960,754,481,292,106,38,-980
5765,40,19,-960,745,481,313,87,38,-970
5781,40,19,-960,763,472,292,97,38,-980
5796,50,19,-970,754,481,292,87,47,-970
5812,50,19,-970,763,490,313,97,38,-990
5828,60,29,-970,763,481,313,97,28,-990
5843,60,29,-970,754,481,303,87,38,-990
5859,60,19,-970,763,481,303,106,28,-990
5875,40,39,-980,754,490,303,97,28,-980
5890,40,9,-960,763,472,323,106,28,-970
5906,50,19,-940,745,472,292,106,38,-961
5921,50,19,-970,754,481,292,106,38,-961
5937,50,29,-960,745,481,282,106,47,-970
5953,60,29,-970,772,481,303,97,47,-951
5968,50,29,-960,754,500,303,97,47,-951
5984,40,19,-970,763,481,303,97,19,-961
6000,40,29,-970,763,472,292,87,38,-980
6015,40,9,-970,754,481,282,97,47,-961
6031,70,9,-960,772,472,313,106,28,-970
6046,60,29,-950,763,481,303,97,38,-961
6062,60,9,-950,763,481,292,97,28,-970
6078,60,29,-960,754,481,303,106,28,-980
6093,50,19,-960,754,500,303,97,38,-990
6109,60,19,-970,763,490,292,97,38,-990
6125,60,19,-970,763,490,282,97,28,-970
6140,40,29,-950,754,481,303,106,28,-970
6156,50,19,-970,772,481,313,87,47,-980
6171,50,29,-960,772,481,323,106,38,-970
6187,50,19,-970,754,481,292,97,38,-990
6203,50,19,-970,754,490,313,87,38,-951
6218,40,29,-960,763,490,323,97,28,-980
6234,60,19,-950,763,472,313,97,57,-980
6250,50,39,-940,763,472,313,106,38,-961
6265,50,29,-950,736,490,303,97,38,-970
6281,50,29,-980,772,490,323,97,28,-980
6296,50,19,-950,763,472,313,87,38,-970
6312,40,29,-960,754,472,353,97,38,-980
6328,30,19,-960,754,490,303,116,28,-980
6343,50,29,-950,763,481,303,87,38,-980
6359,70,29,-950,772,481,282,97,47,-970
6375,40,29,-970,763,490,323,106,28,-970
6390,50,19,-980,763,490,323,106,38,-970
6406,60,19,-970,745,490,323,87,38,-941
6421,40,29,-970,754,481,333,116,28,-990
6437,60,9,-970,763,490,282,97,28,-961
6453,50,29,-970,763,490,282,106,19,-970
6468,40,19,-970,763,472,313,87,47,-961
6484,70,29,-970,745,481,313,97,38,-980
6500,60,19,-970,754,490,292,97,28,-980
6515,50,9,-950,763,490,313,97,28,-970
6531,40,19,-940,754,462,303,87,38,-980
6546,50,29,-960,754,481,303,97,38,-980
6562,50,19,-960,754,490,303,97,38,-970
6578,40,19,-940,763,481,323,97,38,-970
6593,40,29,-960,754,481,313,106,28,-970
6609,50,19,-970,763,472,313,106,47,-980
6625,40,19,-960,754,490,303,106,38,-961
6640,50,29,-970,763,481,303,97,38,-990
6656,40,19,-970,745,481,323,97,47,-961
6671,50,29,-940,754,490,292,97,28,-970
6687,40,19,-970,763,472,313,106,28,-980
6703,30,9,-960,763,490,303,106,47,-961
6718,40,49,-970,772,481,303,106,28,-970
6734,50,29,-950,754,490,303,97,38,-990
6750,60,39,-980,763,481,282,97,38,-961
6765,50,9,-950,763,481,292,106,28,-980
6781,60,29,-970,754,481,303,87,47,-980
6796,50,19,-960,763,481,313,106,47,-980
6812,40,19,-990,763,472,313,97,38,-970
6828,50,19,-960,763,490,303,87,28,-980
6843,60,9,-950,763,472,303,106,38,-990
6859,40,29,-970,754,490,303,97,38,-970
6875,40,29,-970,754,481,323,97,47,-1000
6890,60,19,-960,745,490,313,97,38,-961
6906,70,19,-970,763,472,323,97,38,-970
6921,50,19,-960,754,490,313,116,28,-990
6937,40,29,-960,772,481,292,97,38,-980
6953,60,9,-970,754,481,333,97,38,-980
6968,50,29,-980,754,490,303,106,38,-990
6984,50,29,-970,781,462,323,116,19,-970
7000,40,39,-960,781,462,323,106,38,-951
7015,70,19,-970,763,472,323,106,38,-951
7031,40,39,-950,745,481,303,97,38,-970
7046,50,29,-960,745,481,303,97,38,-980
7062,50,29,-970,763,490,292,97,38,-961
7078,50,29,-960,763,472,292,97,28,-980
7093,50,19,-960,754,490,292,106,38,-961
7109,50,19,-960,763,472,292,87,47,-990
7125,50,19,-960,727,481,323,106,38,-980
7140,50,29,-970,763,481,282,97,38,-970
7156,40,19,-970,754,481,303,106,47,-1000
7171,50,9,-960,763,490,292,106,47,-1000
7187,40,39,-960,763,472,323,87,38,-970
7203,40,19,-950,754,490,292,97,38,-990
7218,40,29,-960,727,481,313,106,38,-961
7234,50,19,-980,754,481,292,97,47,-961
7250,60,19,-960,763,481,282,97,28,-970
7265,50,9,-970,754,500,292,97,28,-970
7281,40,29,-970,754,500,292,87,47,-1000
7296,50,19,-950,763,472,282,106,28,-980
7312,70,19,-960,754,490,303,106,38,-990
7328,60,29,-980,754,490,303,87,38,-970
7343,40,19,-960,763,500,272,97,38,-970
7359,50,29,-960,754,472,292,106,38,-980
7375,40,29,-970,736,481,323,97,38,-961
7390,60,-9,-960,763,490,292,97,38,-990
7406,40,29,-960,763,481,323,116,28,-970
7421,50,19,-960,754,481,313,97,38,-980
7437,60,39,-990,754,481,333,87,38,-970
7453,40,9,-970,763,481,313,106,47,-961
7468,70,19,-980,772,472,333,87,38,-980
7484,30,39,-940,763,490,323,97,38,-990
7500,70,9,-970,754,481,303,97,38,-970
7515,40,19,-940,763,481,323,106,28,-980
7531,40,19,-950,754,490,313,87,47,-961
7546,50,0,-960,754,490,292,97,28,-990
7562,60,29,-980,763,500,272,106,38,-980
7578,50,39,-960,754,500,292,106,38,-970
7593,40,29,-940,754,481,282,106,28,-1000
7609,60,19,-970,763,490,303,106,38,-970
7625,40,29,-950,754,490,292,97,38,-990
7640,40,29,-970,754,490,323,97,47,-970
7656,40,9,-950,763,481,282,106,28,-970
7671,50,19,-980,763,472,323,106,38,-1000
7687,60,29,-980,754,481,303,97,28,-961
7703,70,9,-960,754,481,303,106,19,-970
7718,50,19,-960,763,481,323,106,47,-1000
7734,40,39,-970,763,472,333,97,28,-970
7750,50,29,-940,763,481,313,97,47,-961
7765,50,19,-940,763,481,303,97,47,-961
7781,60,39,-950,763,490,282,97,47,-970
7796,50,9,-960,754,481,313,97,38,-970
7812,50,19,-950,781,472,313,106,28,-961
7828,60,19,-970,763,490,303,97,38,-970
7843,50,29,-950,772,472,323,106,47,-970
7859,30,29,-960,745,481,323,97,28,-980
7875,50,19,-960,763,481,343,106,28,-970
7890,30,19,-960,763,472,282,87,38,-961
7906,50,19,-960,763,490,292,106,38,-980
7921,50,29,-950,754,481,323,97,38,-961
7937,60,19,-940,763,490,303,97,47,-1000
7953,40,39,-960,763,481,313,106,28,-970
7968,40,39,-960,754,490,303,97,38,-951
7984,40,19,-960,745,481,313,97,38,-990
8000,60,19,-950,754,490,272,97,28,-951
8015,50,19,-960,754,472,313,106,38,-980
8031,40,19,-960,772,462,313,97,47,-961
8046,40,39,-970,763,481,303,97,28,-980
8062,50,29,-970,763,490,292,97,38,-990
8078,60,19,-970,763,481,313,116,28,-961
8093,60,29,-950,763,481,313,97,38,-1000
8109,50,29,-970,745,490,343,97,38,-970
8125,50,19,-980,754,481,313,106,28,-990
8140,50,19,-980,772,490,272,97,28,-961
8156,60,9,-960,754,481,313,97,38,-970
8171,50,29,-960,754,490,292,97,38,-970
8187,50,19,-980,763,490,292,97,38,-990
8203,40,19,-940,763,481,323,106,28,-990
8218,50,29,-980,745,472,313,106,28,-990
8234,50,19,-970,763,481,313,97,38,-980
8250,40,19,-950,763,472,323,87,38,-961
8265,60,29,-970,772,462,292,97,28,-970
8281,50,29,-960,754,490,313,97,38,-990
8296,60,29,-930,763,490,292,97,28,-1000
8312,60,29,-930,754,490,292,97,47,-970
8328,70,39,-960,754,490,282,97,38,-990
8343,60,19,-960,754,481,313,106,28,-961
8359,60,19,-960,763,500,282,106,28,-961
8375,70,19,-970,763,481,292,106,47,-970
8390,50,29,-960,745,490,303,106,47,-970
8406,50,19,-970,763,481,303,106,28,-1000
8421,40,39,-950,763,462,292,97,38,-980
8437,50,29,-970,754,472,313,97,28,-970
8453,60,19,-950,754,481,333,106,28,-970
8468,60,29,-980,763,472,343,97,38,-970
8484,60,29,-980,772,462,313,97,28,-990
8500,40,19,-960,754,481,303,106,38,-961
8515,50,29,-970,763,472,323,87,38,-970
8531,50,29,-960,763,481,333,97,28,-970
8546,40,29,-950,763,472,303,97,28,-970
8562,40,29,-980,754,481,303,97,28,-980
8578,40,39,-970,736,481,303,106,28,-970
8593,40,19,-960,772,462,292,106,28,-980
8609,50,29,-960,745,472,313,97,38,-990
8625,50,19,-960,763,490,303,97,47,-951
8640,50,19,-940,763,481,313,97,47,-990
8656,50,29,-940,781,462,313,97,38,-980
8671,50,29,-950,754,481,323,116,28,-961
8687,50,29,-950,763,490,292,97,47,-970
8703,50,29,-950,763,481,303,106,28,-990
8718,30,19,-960,763,490,292,77,38,-970
8734,30,19,-960,763,490,292,87,28,-980
8750,60,9,-980,763,490,333,97,28,-970
8765,50,19,-970,754,490,303,97,38,-980
8781,60,19,-960,763,481,303,106,38,-970
8796,60,9,-970,763,481,313,97,38,-980
8812,30,19,-950,763,490,303,97,47,-980
8828,50,19,-990,763,472,323,97,38,-980
8843,50,9,-960,772,462,303,106,38,-990
8859,60,29,-970,763,490,292,97,38,-970
8875,60,39,-970,763,481,282,106,38,-990
8890,50,29,-950,763,481,292,97,38,-980
8906,50,19,-950,772,462,292,97,38,-970
8921,50,9,-970,745,472,292,106,38,-990
8937,60,29,-960,754,481,313,97,47,-980
8953,50,19,-970,745,490,303,97,38,-990
8968,40,19,-950,736,481,292,77,47,-961
8984,40,19,-980,763,472,292,97,38,-980
9000,50,19,-960,754,472,303,97,28,-980
9015,50,29,-960,763,472,292,97,38,-980
9031,60,29,-980,745,490,303,97,47,-980
9046,50,39,-950,763,481,303,106,19,-970
9062,40,19,-960,754,481,272,97,47,-980
9078,50,29,-980,763,490,303,97,38,-980
9093,80,9,-940,763,472,303,106,28,-980
9109,70,0,-970,763,490,313,87,47,-951
9125,60,19,-980,754,490,303,97,38,-970
9140,30,19,-960,754,490,303,116,38,-990
9156,40,19,-940,763,462,292,97,38,-980
9171,40,19,-940,754,481,323,97,47,-980
9187,60,29,-960,754,481,292,106,38,-970
9203,40,49,-950,772,481,282,97,47,-980
9218,50,19,-940,754,481,303,106,47,-980
9234,70,9,-970,763,490,313,106,28,-961
9250,50,29,-950,754,490,313,87,38,-990
9265,40,29,-960,763,481,313,106,38,-970
9281,40,29,-970,772,472,303,97,28,-961
9296,50,29,-970,754,481,292,97,28,-980
9312,50,29,-970,763,481,303,97,28,-980
9328,40,9,-970,763,472,303,97,47,-961
9343,60,19,-970,763,472,313,106,47,-970
9359,50,19,-970,754,481,282,106,38,-980
9375,50,9,-960,763,500,282,97,38,-980
9390,60,19,-950,763,481,313,106,47,-990
9406,50,29,-970,754,500,303,106,38,-961
9421,50,19,-940,781,472,282,106,9,-980
9437,60,19,-950,754,490,303,97,38,-980
9453,50,19,-980,763,481,292,106,28,-961
9468,50,0,-940,745,481,292,116,19,-970
9484,60,29,-950,754,481,323,106,47,-980
9500,40,0,-970,772,481,303,116,38,-961
9515,60,29,-970,763,500,292,87,38,-970
9531,50,19,-950,763,481,292,97,47,-990
9546,50,19,-960,754,472,282,106,28,-980
9562,40,29,-960,754,481,292,106,47,-951
9578,60,19,-970,763,472,292,77,47,-980
9593,50,19,-950,754,490,303,97,38,-970
9609,60,9,-960,754,481,313,87,47,-961
9625,50,39,-970,763,481,303,106,28,-980
9640,40,19,-940,763,481,303,97,47,-980
9656,40,19,-940,763,462,303,106,38,-980
9671,60,19,-970,745,481,313,97,38,-961
9687,50,9,-960,772,481,323,106,38,-961
9703,60,29,-950,763,481,303,97,28,-970
9718,50,29,-960,763,481,313,87,28,-951
9734,60,19,-960,763,481,313,97,47,-1000
9750,50,19,-970,754,481,313,116,38,-980
9765,40,19,-960,754,481,313,106,28,-980
9781,60,19,-970,772,462,303,97,47,-970
9796,50,29,-960,763,481,303,106,38,-961
9812,50,29,-970,763,490,282,87,47,-990
9828,50,29,-960,772,472,292,97,38,-980
9843,40,29,-960,763,481,313,106,28,-970
9859,60,29,-950,772,481,292,97,38,-980
9875,50,0,-940,763,481,313,97,38,-961
9890,40,19,-960,763,481,292,106,28,-980
9906,70,29,-960,763,490,292,97,38,-970
9921,40,19,-940,754,481,303,97,47,-961
9937,60,29,-960,754,481,303,97,28,-970
9953,50,19,-960,745,490,282,116,28,-961
9968,50,29,-960,763,462,313,97,38,-970
9984,60,39,-970,754,472,313,106,38,-980
10000,40,9,-970,763,481,303,106,38,-980
10015,60,39,-970,754,481,292,106,38,-961
10031,60,29,-950,772,472,303,97,38,-951
10046,40,29,-950,772,462,333,97,28,-980
10062,50,29,-960,763,481,303,97,38,-961
10078,50,0,-950,763,481,313,97,38,-980
10093,60,39,-990,754,490,303,106,38,-980
10109,50,9,-980,745,490,313,106,28,-970
10125,60,19,-950,754,490,303,106,28,-970
10140,50,19,-980,763,500,282,97,47,-961
10156,40,19,-960,754,481,303,106,28,-970
10171,70,9,-970,754,490,303,87,19,-990
10187,40,9,-950,763,481,303,97,47,-990
10203,50,19,-960,745,500,303,97,28,-970
10218,50,29,-970,763,490,292,97,38,-961
10234,40,29,-950,772,481,303,97,38,-961
10250,50,19,-970,763,472,303,97,38,-961
10265,50,9,-950,763,481,303,116,19,-990
10281,50,39,-940,754,500,282,87,28,-980
10296,60,29,-930,754,481,292,106,28,-980
10312,40,19,-960,754,481,303,87,28,-961
10328,50,29,-940,754,490,303,87,38,-961
10343,50,29,-960,763,481,282,106,38,-970
10359,50,29,-950,763,490,292,97,57,-961
10375,60,29,-960,763,481,303,106,38,-980
10390,50,9,-960,772,490,303,106,38,-970
10406,70,19,-960,754,481,292,87,47,-990
10421,50,9,-950,754,481,313,77,38,-980
10437,40,9,-950,754,481,313,106,38,-990
10453,60,29,-970,754,481,303,106,28,-970
10468,50,9,-950,754,490,292,106,28,-970
10484,60,19,-960,754,481,303,106,38,-1000
10500,50,29,-970,763,481,292,87,38,-961
10515,40,29,-960,754,490,272,97,38,-970
10531,60,39,-960,754,490,303,97,38,-980
10546,60,9,-960,763,490,292,97,28,-961
10562,60,19,-970,763,481,313,97,38,-980
10578,40,9,-950,754,481,303,97,38,-980
10593,40,39,-970,781,472,303,106,38,-980
10609,60,29,-970,772,490,292,97,47,-970
10625,50,19,-950,763,481,303,97,38,-990
10640,50,19,-990,763,472,303,87,38,-980
10656,50,29,-960,772,490,292,97,47,-951
10671,50,49,-970,763,472,313,97,38,-980
10687,50,49,-960,754,490,303,106,28,-970
10703,50,9,-960,763,481,313,87,38,-970
10718,50,9,-960,763,490,313,116,38,-980
10734,50,29,-950,763,481,292,106,38,-961
10750,50,29,-950,754,481,323,97,38,-961
10765,50,19,-980,763,481,282,97,47,-970
10781,70,19,-960,763,472,313,97,28,-961
10796,50,29,-960,754,481,292,106,38,-1000
10812,50,29,-970,763,481,303,106,28,-970
10828,40,19,-960,763,490,282,97,47,-961
10843,50,9,-970,763,472,282,106,28,-970
10859,40,9,-960,763,481,292,106,38,-961
10875,50,19,-960,763,481,292,106,28,-970
10890,50,29,-960,763,462,292,106,28,-980
10906,40,19,-970,754,500,282,87,57,-990
10921,50,29,-980,763,490,303,97,47,-951
10937,40,19,-960,763,490,303,106,28,-990
10953,60,19,-960,763,490,292,97,57,-980
10968,80,0,-970,763,472,313,87,28,-980
10984,50,9,-950,763,481,313,97,38,-990
11000,70,9,-950,772,481,292,97,38,-970
11015,60,29,-960,754,481,303,97,38,-990
11031,50,19,-970,754,490,292,116,47,-951
11046,60,29,-950,763,490,313,97,38,-970
11062,50,19,-970,754,490,292,87,47,-1000
11078,50,19,-940,763,490,282,106,38,-970
11093,50,29,-950,772,481,313,97,38,-980
11109,50,29,-970,763,481,292,106,28,-980
11125,60,29,-940,763,472,323,106,38,-970
11140,60,9,-950,754,490,313,116,28,-990
11156,60,29,-970,754,481,313,97,47,-970
11171,40,19,-960,763,481,292,97,38,-970
11187,40,19,-960,772,472,292,97,38,-1000
11203,60,19,-970,745,481,292,106,38,-970
11218,40,19,-940,745,490,292,97,38,-1009
11234,60,29,-950,763,481,292,97,38,-970
11250,40,9,-960,763,481,303,97,28,-951
11265,50,39,-980,763,481,313,97,47,-970
11281,50,9,-960,772,490,323,116,28,-980
11296,40,29,-950,763,481,303,87,38,-970
11312,60,29,-960,763,500,303,97,38,-990
11328,50,29,-950,754,490,292,106,38,-970
11343,30,58,-910,754,490,282,106,38,-990
11359,40,29,-900,763,481,313,97,38,-990
11375,60,9,-990,754,490,323,106,38,-970
11390,40,58,-980,763,481,303,97,47,-980
11406,30,9,-940,754,472,292,87,38,-980
11421,70,19,-970,754,481,313,106,28,-980
11437,40,39,-970,754,490,313,97,38,-970
11453,40,9,-940,763,481,303,97,38,-961
11468,80,19,-960,772,472,292,97,38,-970
11484,40,29,-960,754,490,303,106,38,-980
11500,40,19,-950,763,481,292,106,38,-951
11515,50,19,-970,745,481,313,97,38,-961
11531,40,19,-960,763,481,292,87,28,-990
11546,70,29,-970,754,481,313,97,38,-951
11562,60,9,-940,763,490,303,106,47,-990
11578,40,19,-940,754,481,313,97,38,-970
11593,60,29,-970,754,490,313,97,38,-970
11609,50,9,-940,745,490,303,87,28,-961
11625,50,39,-970,754,481,303,87,38,-1009
11640,50,19,-950,763,472,303,97,38,-961
11656,50,19,-960,754,490,303,87,38,-980
11671,40,9,-970,754,490,303,97,47,-980
11687,30,29,-950,754,481,303,106,47,-980
11703,40,19,-940,763,481,313,87,38,-990
11718,60,9,-970,745,472,313,106,28,-961
11734,50,19,-940,754,490,303,106,28,-951
11750,40,19,-960,763,490,282,106,38,-970
11765,50,29,-950,763,490,303,97,38,-961
11781,60,39,-960,754,490,303,87,28,-980
11796,60,19,-960,754,490,313,97,57,-970
11812,50,19,-960,763,481,303,97,47,-980
11828,50,19,-960,781,472,313,106,38,-990
11843,60,19,-960,763,490,292,97,38,-1009
11859,50,29,-950,772,472,313,87,38,-970
11875,40,9,-960,754,490,303,106,38,-980
11890,60,29,-960,772,472,333,106,38,-970
11906,50,29,-970,763,490,292,97,38,-980
11921,40,19,-950,763,481,323,97,38,-990
11937,50,19,-960,754,490,313,106,28,-980
11953,60,29,-970,754,481,292,77,38,-970
11968,60,29,-970,763,472,313,97,38,-980
11984,40,39,-960,736,490,313,97,38,-970
12000,60,29,-960,763,490,313,87,38,-980
12015,50,39,-970,763,481,303,106,38,-970
12031,50,29,-960,763,481,303,106,28,-961
12046,50,19,-960,763,481,292,97,28,-980
12062,40,19,-980,763,481,282,97,38,-961
12078,60,9,-960,772,472,313,106,28,-970
12093,40,29,-950,772,472,303,97,47,-961
12109,40,29,-950,763,481,313,87,38,-970
12125,60,39,-960,754,481,303,106,28,-970
12140,40,29,-970,763,472,292,87,47,-970
12156,70,29,-970,763,472,292,97,28,-980
12171,70,29,-970,745,481,323,106,38,-970
12187,40,19,-950,763,490,292,106,38,-990
12203,50,39,-970,772,500,313,97,38,-961
12218,40,29,-960,763,481,323,106,38,-1000
12234,50,19,-970,763,481,313,106,38,-970
12250,60,29,-960,763,481,313,106,19,-980
12265,50,29,-960,745,481,303,106,47,-990
12281,60,19,-970,754,481,282,106,28,-990
12296,60,19,-970,772,472,303,97,38,-980
12312,60,39,-970,772,472,303,97,28,-980
12328,50,19,-950,763,472,292,106,28,-961
12343,50,19,-950,763,490,292,97,38,-961
12359,40,19,-970,790,462,313,97,38,-961
12375,50,9,-940,763,481,313,97,28,-961
12390,70,9,-980,763,481,313,97,28,-961
12406,70,9,-980,754,481,292,97,38,-980
12421,50,19,-960,763,481,313,97,38,-990
12437,50,19,-950,772,472,323,97,38,-980
12453,50,19,-950,754,500,282,97,38,-980
12468,50,29,-970,754,472,313,97,38,-961
12484,50,29,-970,754,490,282,106,38,-980
12500,30,19,-960,736,481,323,97,38,-961
12515,50,19,-960,763,472,313,87,47,-970
12531,50,29,-970,754,490,282,97,38,-970
12546,50,29,-970,772,462,313,116,28,-970
12562,60,29,-980,763,481,272,106,38,-970
12578,60,29,-960,763,481,303,77,47,-1000
12593,60,29,-960,754,481,303,87,38,-980
12609,50,39,-970,754,481,333,106,38,-970
12625,50,29,-960,763,472,292,97,38,-1000
12640,50,29,-960,763,481,313,97,28,-970
12656,50,29,-960,772,462,323,87,47,-961
12671,50,29,-970,754,490,303,87,38,-990
12687,50,19,-960,763,472,323,97,28,-980
12703,40,19,-960,754,472,303,97,38,-990
12718,50,29,-960,763,481,313,77,38,-990
12734,40,29,-950,772,472,292,106,38,-970
12750,40,39,-970,763,490,313,87,47,-961
12765,60,19,-970,745,481,333,106,47,-980
12781,40,19,-960,763,481,303,106,28,-990
12796,50,39,-960,772,472,323,97,47,-980
12812,50,9,-960,754,472,313,97,28,-980
12828,40,19,-970,754,472,313,106,28,-990
12843,60,29,-960,763,481,313,97,38,-961
12859,50,9,-950,763,481,303,97,38,-990
12875,50,19,-960,754,481,313,97,38,-961
12890,50,9,-950,772,472,292,87,28,-990
12906,50,29,-960,763,481,303,97,38,-970
12921,40,29,-960,754,500,313,97,47,-980
12937,50,9,-950,781,472,323,97,47,-1000
12953,60,29,-960,772,490,303,97,38,-961
12968,50,29,-950,763,481,303,97,38,-990
12984,60,29,-970,763,481,303,97,28,-1000
13000,50,29,-970,754,490,292,97,38,-980
13015,50,29,-970,754,481,282,106,38,-980
13031,50,39,-950,754,481,303,106,28,-961
13046,50,9,-980,754,490,303,87,38,-970
13062,50,19,-970,772,481,313,106,38,-980
13078,40,29,-970,763,481,323,106,38,-990
13093,50,29,-960,772,490,282,87,38,-970
13109,70,9,-960,763,472,303,106,38,-980
13125,40,39,-980,754,481,282,106,28,-970
13140,50,19,-960,772,472,303,97,38,-980
13156,60,9,-960,754,481,292,97,47,-980
13171,40,9,-950,763,490,313,106,28,-951
13187,60,19,-970,763,472,292,97,38,-970
13203,30,29,-970,745,500,292,97,38,-980
13218,60,19,-950,736,490,313,97,38,-970
13234,60,29,-960,772,481,303,106,19,-970
13250,30,19,-960,772,490,292,106,47,-980
13265,60,19,-940,745,490,323,97,38,-961
13281,50,19,-950,763,481,292,106,38,-980
13296,40,29,-980,754,481,303,97,38,-970
13312,60,29,-970,754,472,303,87,47,-961
13328,50,9,-980,736,500,323,97,66,-990
13343,50,29,-950,763,490,282,97,66,-990
13359,30,19,-960,763,472,303,106,38,-990
13375,50,29,-950,781,462,313,106,38,-990
13390,40,39,-950,754,490,292,106,28,-970
13406,60,29,-970,763,481,313,87,38,-961
13421,50,29,-970,763,481,303,97,38,-990
13437,50,29,-970,745,490,282,97,47,-990
13453,50,9,-960,754,481,272,87,57,-961
13468,40,19,-970,754,481,303,97,28,-990
13484,60,29,-950,772,481,313,97,38,-980
13500,50,29,-940,763,481,303,97,38,-970
13515,50,29,-970,763,490,303,97,38,-1000
13531,70,19,-960,754,472,292,116,38,-961
13546,30,19,-980,754,500,303,106,19,-970
13562,40,29,-960,763,490,282,106,47,-980
13578,40,19,-960,772,472,303,106,38,-961
13593,50,9,-960,754,472,292,87,28,-970
13609,60,19,-980,763,500,282,116,38,-980
13625,40,19,-970,772,472,292,106,38,-970
13640,40,29,-950,772,472,303,97,38,-990
13656,60,19,-960,763,481,323,87,38,-990
13671,40,9,-950,754,500,303,97,38,-961
13687,50,19,-960,745,481,303,87,38,-990
13703,50,29,-960,763,490,292,97,38,-970
13718,40,19,-970,763,481,303,106,38,-990
13734,50,29,-950,754,481,292,87,28,-990
13750,40,9,-950,754,481,292,97,38,-961
13765,50,9,-950,763,500,282,97,47,-980
13781,40,29,-960,763,500,282,116,28,-980
13796,50,9,-960,763,490,313,87,38,-970
13812,50,19,-990,763,490,313,97,38,-951
13828,50,9,-950,772,481,292,106,28,-990
13843,60,9,-970,763,481,282,77,47,-970
13859,40,39,-970,763,472,313,97,47,-970
13875,50,39,-970,763,481,313,106,28,-980
13890,60,9,-950,781,462,313,87,38,-961
13906,50,29,-970,763,481,313,97,47,-1000
13921,60,29,-980,763,481,303,116,28,-1000
13937,40,29,-950,754,490,292,87,47,-970
13953,50,29,-970,763,500,282,97,38,-990
13968,50,29,-960,763,500,303,97,47,-980
13984,50,29,-960,763,490,323,97,38,-961
14000,40,29,-960,763,481,282,87,47,-980
14015,30,29,-960,772,472,272,97,38,-970
14031,30,29,-960,754,490,303,97,28,-980
14046,60,29,-940,754,490,292,97,38,-980
14062,40,29,-970,763,481,282,106,38,-961
14078,40,19,-950,745,481,303,97,38,-961
14093,70,19,-960,763,472,282,106,28,-970
14109,40,19,-950,772,472,282,97,38,-970
14125,60,29,-960,772,472,282,97,38,-970
14140,40,19,-960,772,500,272,97,28,-1000
14156,40,19,-960,772,500,272,106,47,-970
14171,50,19,-960,754,490,272,106,28,-970
14187,60,29,-970,763,481,313,97,47,-961
14203,60,29,-960,763,490,292,106,47,-980
14218,60,19,-960,754,481,303,97,28,-980
14234,60,19,-950,754,481,313,97,47,-951
14250,60,19,-950,763,490,282,97,57,-970
14265,50,19,-970,763,481,303,97,28,-970
14281,50,39,-960,754,472,313,97,38,-951
14296,60,19,-950,772,481,303,87,38,-980
14312,90,49,-1000,763,490,303,97,28,-970
14328,-40,0,-940,763,481,292,97,28,-961
14343,90,39,-990,772,481,292,87,38,-961
14359,90,29,-960,754,490,282,106,38,-990
14375,60,39,-990,763,481,282,87,38,-980
14390,70,29,-980,763,490,313,106,38,-990
14406,60,29,-960,763,490,282,106,28,-980
14421,60,19,-950,763,481,292,87,38,-970
14437,70,29,-970,763,481,303,97,38,-980
14453,60,19,-970,763,490,292,97,38,-980
14468,70,39,-980,763,481,313,116,9,-961
14484,70,29,-970,763,481,282,97,28,-990
14500,80,29,-980,754,481,292,97,38,-970
14515,10,19,-920,754,490,272,97,38,-970
14531,50,29,-960,763,472,323,77,38,-990
14546,60,19,-970,772,472,313,106,38,-970
14562,40,29,-960,754,490,282,97,38,-990
14578,70,19,-950,763,490,282,97,38,-990
14593,40,19,-960,763,481,272,97,47,-970
14609,50,39,-980,763,490,303,97,38,-980
14625,50,19,-960,763,490,313,87,38,-980
14640,60,29,-940,772,472,303,97,38,-980
14656,111,49,-970,772,481,282,87,38,-970
14671,10,19,-900,772,481,303,106,38,-990
14687,50,9,-960,754,500,303,87,38,-970
14703,20,19,-990,763,481,272,106,38,-970
14718,50,58,-910,763,481,292,106,38,-970
14734,-20,-39,-920,754,490,292,87,38,-970
14750,50,29,-1019,763,481,292,97,38,-980
14765,10,0,-1009,754,481,303,106,28,-980
14781,30,58,-1000,763,481,313,97,38,-961
14796,0,19,-960,754,500,303,97,28,-980
14812,40,19,-990,772,481,303,97,28,-980
14828,-20,29,-990,754,481,292,87,38,-970
14843,161,-19,-1019,745,490,303,87,47,-980
14859,242,-39,-1138,754,481,303,106,38,-970
14875,-191,49,-1178,763,481,303,97,47,-970
14890,-101,0,-1049,745,490,292,106,38,-1009
14906,-70,0,-1000,763,490,292,116,38,-970
14921,-141,0,-1009,772,481,313,97,38,-970
14937,101,98,-1009,754,481,313,97,47,-980
14953,70,156,-1019,754,490,282,106,38,-961
14968,0,-39,-1059,763,500,292,87,28,-970
14984,-70,19,-1009,754,490,292,97,38,-970
15000,202,39,-871,763,490,282,106,28,-970
15015,242,166,-1039,772,490,303,97,28,-970
15031,-10,88,-940,763,490,303,97,38,-980
15046,30,39,-900,754,481,303,97,47,-970
15062,-30,98,-920,763,500,292,97,57,-970
15078,50,78,-1000,745,481,282,97,38,-961
15093,-10,-39,-1029,754,490,313,87,47,-990
15109,70,78,-990,763,490,282,106,28,-980
15125,10,88,-891,772,481,292,97,38,-990
15140,121,49,-891,781,462,282,106,38,-970
15156,-20,58,-960,763,481,292,106,47,-1009
15171,20,-9,-930,772,490,303,87,47,-990
15187,111,88,-891,763,500,303,97,47,-980
15203,232,88,-910,754,490,313,106,28,-961
15218,40,39,-881,745,490,292,87,28,-980
15234,101,68,-851,754,490,282,106,38,-980
15250,101,19,-831,745,490,303,106,38,-990
15265,-20,-9,-900,754,490,303,87,28,-980
15281,60,0,-910,754,490,303,97,28,-990
15296,50,29,-891,745,490,313,106,57,-961
15312,90,58,-910,772,472,313,97,38,-980
15328,111,9,-881,763,490,303,87,38,-961
15343,30,-9,-910,754,490,313,97,57,-980
15359,50,0,-970,763,472,303,97,38,-980
15375,40,0,-920,763,490,272,106,38,-980
15390,30,29,-930,763,490,292,97,38,-961
15406,20,39,-940,763,490,292,97,38,-980
15421,101,19,-950,754,481,282,97,28,-970
15437,40,19,-940,754,490,313,97,57,-980
15453,20,-9,-920,763,490,292,97,28,-961
15468,40,29,-950,763,472,313,97,38,-980
15484,30,29,-1019,754,481,272,106,38,-980
15500,10,9,-1039,745,500,282,106,28,-961
15515,-10,29,-960,754,481,303,97,28,-990
15531,10,19,-950,754,509,292,106,47,-990
15546,-10,0,-970,754,481,292,97,28,-980
15562,20,29,-1000,763,490,272,97,28,-990
15578,30,39,-960,754,481,313,87,47,-961
15593,20,19,-950,754,481,292,106,28,-980
15609,0,29,-960,763,481,313,97,47,-961
15625,-30,0,-950,763,500,282,97,47,-961
15640,30,19,-990,763,490,282,106,38,-951
15656,-10,39,-990,763,481,303,87,28,-990
15671,-10,39,-970,736,490,272,106,28,-990
15687,-10,39,-970,763,481,303,106,38,-980
15703,-10,19,-960,754,500,292,106,38,-980
15718,20,0,-980,763,490,313,87,28,-990
15734,0,29,-990,754,481,303,106,38,-970
15750,-20,-19,-970,763,500,282,106,38,-970
15765,-20,-29,-990,736,490,313,97,38,-961
15781,20,9,-940,754,490,292,97,47,-970
15796,20,9,-940,763,481,313,106,38,-1000
15812,-10,19,-950,745,490,313,97,38,-970
15828,-40,9,-950,745,500,282,106,28,-1000
15843,0,19,-940,763,472,303,97,38,-970
15859,30,9,-950,736,500,313,77,38,-961
15875,-40,-19,-970,763,509,313,97,47,-990
15890,-40,9,-950,754,490,292,106,47,-970
15906,-50,-19,-980,754,490,292,87,38,-970
15921,0,19,-1009,754,500,282,97,47,-980
15937,10,-9,-980,763,490,292,106,47,-980
15953,-30,-9,-980,754,481,292,97,47,-970
15968,-30,29,-980,754,490,272,97,38,-961
15984,-30,0,-970,754,490,282,116,47,-970
16000,0,-19,-1000,763,481,292,106,28,-970
16015,-40,0,-990,754,481,272,97,47,-970
16031,-10,-9,-980,754,481,272,106,38,-980
16046,10,-29,-950,763,490,323,106,28,-1000
16062,0,19,-940,754,490,292,97,38,-980
16078,-50,-19,-980,772,472,292,87,47,-961
16093,-10,9,-980,754,490,272,106,28,-980
16109,-10,-9,-950,754,490,292,87,38,-990
16125,-20,-9,-960,754,490,292,87,47,-980
16140,10,-9,-900,763,490,313,106,28,-980
16156,-10,0,-950,754,490,292,97,47,-970
16171,-30,0,-980,745,481,303,97,38,-980
16187,-30,0,-940,772,472,303,106,28,-980
16203,-30,0,-940,754,472,323,87,47,-970
16218,-30,0,-940,754,481,333,106,38,-1000
16234,-20,0,-950,754,472,343,97,19,-980
16250,-50,-19,-940,754,481,323,87,38,-970
16265,-40,9,-950,763,490,323,97,47,-970
16281,-10,-29,-980,754,481,313,97,47,-980
16296,0,0,-990,754,500,292,97,47,-1000
16312,-50,-9,-940,736,481,303,97,28,-970
16328,-30,0,-980,763,490,282,106,38,-990
16343,-30,0,-980,754,481,292,87,38,-980
16359,-10,-9,-940,754,481,313,106,28,-951
16375,-30,0,-970,763,481,313,97,38,-970
16390,-20,-9,-950,754,481,323,97,47,-970
16406,-40,9,-980,763,490,303,106,19,-970
16421,-30,0,-960,754,472,323,97,38,-1000
16437,-30,-9,-980,754,481,303,106,28,-970
16453,0,9,-950,772,481,313,106,38,-980
16468,-20,0,-950,763,490,292,97,47,-980
16484,-20,0,-950,763,490,282,106,28,-990
16500,-30,-19,-930,745,500,282,97,28,-980
16515,-20,-9,-960,745,500,262,106,38,-961
16531,-40,0,-930,754,500,272,106,28,-980
16546,-40,0,-930,745,500,272,97,38,-961
16562,0,-19,-930,763,481,333,97,38,-990
16578,-50,-9,-940,763,481,303,106,28,-970
16593,-60,0,-1009,763,481,323,97,19,-970
16609,-40,-29,-960,763,472,323,87,38,-970
16625,-20,-9,-940,754,472,323,106,38,-980
16640,-40,-9,-950,763,481,303,87,38,-980
16656,-50,0,-950,754,490,313,97,38,-980
16671,-40,19,-950,754,500,282,97,38,-980
16687,-50,9,-960,772,472,303,87,38,-970
16703,-50,0,-950,754,490,292,87,38,-970
16718,-40,-9,-960,772,481,292,97,28,-990
16734,-60,0,-940,745,500,282,106,47,-1000
16750,-50,0,-930,763,490,292,97,47,-951
16765,-30,0,-930,763,509,292,97,47,-980
16781,-60,0,-970,763,490,292,106,47,-980
16796,-70,-19,-980,754,500,303,97,28,-961
16812,-40,9,-960,763,490,272,106,38,-980
16828,-40,-9,-960,763,481,292,97,38,-980
16843,-90,0,-970,754,500,303,87,47,-951
16859,-50,19,-990,763,481,313,87,47,-951
16875,-30,-9,-950,763,481,313,106,38,-961
16890,-30,-9,-950,754,500,292,97,28,-970
16906,-20,0,-960,763,481,303,97,38,-970
16921,-30,0,-960,763,490,292,106,38,-961
16937,-40,-9,-980,763,481,313,97,19,-970
16953,-70,-9,-940,754,490,303,106,28,-961
16968,-50,-9,-950,736,490,323,106,38,-980
16984,-60,-19,-990,754,490,292,97,28,-980
17000,-20,-29,-970,754,481,292,87,38,-970
17015,-40,19,-980,754,490,282,97,38,-990
17031,-60,39,-1009,763,509,272,106,28,-980
17046,30,58,-1000,754,481,282,106,38,-990
17062,373,107,-940,763,472,303,106,38,-970
17078,454,-176,-445,763,472,303,106,28,-990
17093,1242,58,79,745,490,323,97,38,-951
17109,1606,166,-247,772,472,313,97,28,-961
17125,1282,333,-475,772,481,303,87,28,-970
17140,1181,627,277,754,500,323,97,47,-990
17156,868,-225,227,754,500,323,106,47,-961
17171,303,-147,930,754,500,303,106,28,-961
17187,313,-29,1158,745,490,303,97,38,-961
17203,232,176,1029,763,490,292,77,38,-1000
17218,212,196,841,763,481,313,97,28,-970
17234,282,127,663,754,500,303,87,38,-980
17250,343,147,821,736,500,303,97,47,-970
17265,252,107,990,763,490,292,97,38,-980
17281,161,156,1089,772,481,292,97,38,-980
17296,171,-19,1346,754,500,292,116,28,-961
17312,232,166,1009,745,500,292,97,47,-1000
17328,171,49,851,763,500,282,97,28,-990
17343,60,147,910,772,481,303,106,38,-961
17359,-20,117,980,754,500,303,97,47,-970
17375,0,166,1019,754,481,282,106,38,-980
17390,0,166,1019,754,481,292,97,28,-980
17406,40,117,1049,754,500,292,97,38,-951
17421,30,147,960,754,500,292,106,38,-990
17437,30,117,1029,754,490,303,97,38,-970
17453,30,117,1029,772,481,303,87,38,-990
17468,0,147,1039,745,490,323,106,28,-990
17484,-30,147,970,754,481,303,87,38,-970
17500,40,137,990,772,481,292,106,28,-980
17515,40,137,990,763,490,303,97,28,-970
17531,20,117,980,754,490,303,87,38,-980
17546,-40,88,1009,754,490,323,106,47,-980
17562,80,156,1099,754,509,272,106,28,-980
17578,30,88,1029,745,490,282,116,28,-990
17593,30,107,980,754,490,292,97,38,-961
17609,30,107,980,754,481,292,97,28,-970
17625,10,127,980,754,500,292,97,47,-1000
17640,0,68,1178,763,500,303,106,47,-961
17656,10,78,1069,763,490,282,97,38,-980
17671,10,78,1069,745,490,292,87,28,-980
17687,-10,78,980,745,490,333,116,28,-970
17703,60,156,950,754,490,313,97,38,-990
17718,60,156,950,763,472,323,97,38,-990
17734,0,117,990,745,490,313,97,38,-961
17750,-10,137,1029,763,472,303,106,28,-970
17765,0,58,1118,754,472,323,97,38,-970
17781,-10,58,1099,745,490,313,97,28,-970
17796,40,117,960,772,481,323,106,38,-961
17812,50,98,920,754,490,292,97,47,-990
17828,30,107,980,772,481,292,106,38,-980
17843,70,117,1069,772,472,313,97,38,-961
17859,10,58,1079,754,490,313,106,47,-990
17875,0,78,990,754,490,313,97,38,-961
17890,20,68,1059,754,490,313,97,38,-970
17906,40,88,1019,754,490,292,87,38,-961
17921,70,107,970,736,481,303,97,28,-970
17937,30,88,980,763,490,303,97,28,-990
17953,70,88,1039,763,481,323,97,47,-980
17968,90,58,1148,763,481,313,97,38,-970
17984,30,98,1039,745,481,292,97,47,-980
18000,20,88,970,772,490,282,97,47,-961
18015,0,88,950,754,490,292,106,28,-990
18031,30,127,1000,754,500,252,97,47,-970
18046,20,98,1009,754,500,262,97,28,-980
18062,30,98,1029,763,481,252,106,38,-980
18078,50,88,1049,763,490,282,77,28,-961
18093,30,58,1059,763,500,282,97,47,-1000
18109,20,88,1009,763,490,313,97,28,-980
18125,40,98,950,754,481,303,97,38,-970
18140,20,88,950,754,472,313,106,38,-961
18156,40,78,1069,754,490,303,106,38,-990
18171,70,78,1079,754,481,313,97,38,-980
18187,50,98,990,754,490,343,97,38,-970
18203,30,78,990,754,481,272,97,38,-1000
18218,30,98,1069,772,509,272,97,38,-970
18234,60,107,1059,781,472,323,97,38,-980
18250,70,88,1069,736,500,303,87,57,-1009
18265,60,98,1049,754,490,282,106,38,-980
18281,50,107,1000,745,490,303,106,38,-970
18296,40,78,980,772,481,313,106,57,-980
18312,60,107,990,736,490,323,97,38,-990
18328,50,78,1049,763,472,292,97,38,-961
18343,30,107,1039,754,490,292,106,38,-970
18359,50,117,1019,754,490,282,106,38,-990
18375,60,98,1019,763,481,282,87,47,-961
18390,60,78,1000,754,500,303,97,38,-980
18406,70,107,980,763,481,313,116,38,-990
18421,60,68,1039,754,481,313,106,28,-970
18437,50,78,1039,763,481,292,87,47,-990
18453,20,98,1029,745,490,313,106,28,-980
18468,40,88,1000,763,490,313,77,38,-970
18484,50,98,1029,763,481,313,97,38,-1009
18500,40,88,1000,763,481,313,97,47,-961
18515,50,88,980,754,490,313,116,19,-990
18531,40,98,1039,754,490,313,97,47,-970
18546,50,68,1049,754,481,292,97,38,-980
18562,40,88,1009,754,490,313,87,57,-980
18578,20,98,1029,754,500,292,97,38,-951
18593,50,88,1019,763,490,323,97,38,-970
18609,80,88,1019,763,490,323,97,38,-980
18625,50,88,990,754,481,313,97,38,-970
18640,50,78,1029,754,481,292,106,38,-980
18656,40,88,1039,754,481,292,97,47,-961
18671,50,78,1039,763,490,303,97,38,-961
18687,70,68,1000,745,490,313,97,38,-970
18703,90,78,1019,763,481,272,97,38,-970
18718,70,88,1009,772,481,292,97,38,-980
18734,50,68,1000,754,472,303,87,47,-980
18750,40,107,1000,763,481,292,97,19,-980
18765,50,68,1019,745,481,292,87,38,-970
18781,50,78,1029,763,500,292,87,38,-970
18796,20,78,1019,754,500,272,106,47,-990
18812,50,78,1019,763,481,282,87,38,-990
18828,50,78,1019,763,481,282,97,47,-970
18843,30,78,1000,763,490,272,97,38,-1000
18859,50,88,1009,763,490,313,106,28,-980
18875,40,68,1029,745,472,303,87,38,-980
18890,40,68,1029,763,490,303,87,47,-990
18906,30,78,1009,763,481,292,97,38,-990
18921,10,88,1039,763,500,292,97,38,-990
18937,50,88,1009,763,500,292,97,38,-970
18953,50,88,1009,745,490,303,106,28,-990
18968,60,78,1000,763,490,282,97,47,-970
18984,70,68,1009,754,481,303,106,28,-990
19000,60,58,1019,754,481,303,106,28,-990
19015,50,58,1049,763,481,313,97,47,-970
19031,40,78,980,763,490,292,97,28,-980
19046,80,68,1039,763,472,282,106,38,-970
19062,90,78,1059,745,481,292,87,38,-980
19078,60,68,1019,754,490,282,97,28,-1000
19093,30,98,1000,763,472,323,97,38,-970
19109,30,88,1039,754,481,313,87,38,-980
19125,50,78,990,754,500,282,97,28,-980
19140,40,88,980,754,481,282,97,28,-951
19156,30,78,1029,754,490,292,106,47,-970
19171,70,68,1029,772,462,323,106,38,-990
19187,40,98,1049,754,490,292,87,47,-980
19203,50,58,1049,781,472,292,87,47,-970
19218,50,88,1039,754,500,313,97,28,-970
19234,30,78,1039,754,490,292,97,38,-980
19250,40,78,1029,763,481,292,97,38,-970
19265,50,58,1019,772,472,303,97,47,-990
19281,40,88,990,763,490,303,87,47,-980
19296,50,68,1049,763,490,282,97,28,-980
19312,70,78,1000,754,481,292,97,38,-990
19328,40,68,1049,763,481,313,97,47,-970
19343,40,68,1059,763,500,303,106,28,-980
19359,40,49,1009,763,481,303,116,38,-980
19375,40,88,1000,745,490,303,97,47,-990
19390,50,78,1039,763,490,303,106,28,-990
19406,50,49,1029,745,481,303,97,38,-970
19421,40,78,1009,763,509,292,97,38,-980
19437,60,78,1059,754,490,303,106,28,-951
19453,40,49,1039,754,490,292,97,38,-980
19468,60,58,1009,763,481,323,97,38,-980
19484,70,78,1019,754,500,282,116,28,-961
19500,40,88,980,754,490,282,97,38,-980
19515,20,78,1039,754,490,292,106,28,-990
19531,50,88,990,763,490,282,106,28,-970
19546,70,49,1039,754,481,292,97,38,-980
19562,30,88,1009,754,481,292,106,38,-980
19578,30,78,990,763,462,313,97,28,-980
19593,40,78,1019,754,481,303,97,47,-980
19609,40,58,1039,754,490,323,97,38,-980
19625,40,68,1009,754,472,333,87,38,-980
19640,20,58,1029,754,481,313,106,38,-961
19656,70,49,1039,763,481,313,97,28,-980
19671,50,78,1009,754,490,303,97,28,-970
19687,10,78,990,763,481,303,97,57,-1009
19703,40,68,1019,745,481,323,87,38,-970
19718,80,68,1019,772,490,292,97,47,-990
19734,50,68,1019,772,481,303,97,38,-961
19750,30,78,1019,772,481,303,97,38,-990
19765,30,39,1000,772,472,292,97,38,-990
19781,50,68,1009,736,490,272,97,38,-970
19796,70,78,1029,754,490,292,97,38,-1009
19812,60,78,1000,754,490,292,97,38,-951
19828,30,58,1000,763,481,292,97,28,-990
19843,40,78,1029,754,490,303,87,47,-1009
19859,50,78,1059,763,490,313,116,28,-941
19875,40,58,1029,763,481,313,97,38,-990
19890,30,98,1019,754,481,313,97,38,-970
19906,90,49,1069,754,481,303,97,38,-980
19921,60,58,1019,754,500,292,97,47,-1000
19937,50,68,1049,736,481,333,97,47,-990
19953,30,68,1029,763,500,292,97,38,-980
19968,20,68,980,763,472,292,106,38,-980
19984,30,58,1000,754,481,303,106,38,-970
20000,40,78,1029,763,481,313,106,38,-970
20015,40,49,1099,763,472,303,116,19,-961
20031,40,78,1039,754,481,303,87,38,-970
20046,60,68,990,763,481,292,106,38,-980
20062,40,78,980,763,481,292,87,38,-961
20078,50,49,1019,754,481,292,97,28,-1000
20093,50,49,1029,754,500,303,106,38,-990
20109,30,78,1009,745,481,313,106,28,-970
20125,10,58,1039,754,472,303,97,47,-1000
20140,60,78,1029,763,490,303,97,38,-970
20156,90,88,980,754,490,292,87,38,-961
20171,111,78,970,763,481,313,97,47,-961
20187,141,107,1029,754,490,303,106,38,-951
20203,121,98,1000,754,481,323,87,38,-990
20218,60,88,1000,754,472,303,97,47,-970
20234,191,215,861,754,490,333,106,28,-970
20250,151,186,1118,754,490,333,97,47,-980
20265,363,9,1178,763,490,313,87,38,-941
20281,303,362,1485,763,481,323,106,47,-980
20296,323,98,1247,754,481,313,106,38,-961
20312,272,254,910,745,481,303,106,38,-961
20328,515,186,772,754,509,292,97,28,-990
20343,515,274,821,745,490,292,97,28,-980
20359,555,235,782,754,490,323,106,28,-970
20375,585,264,742,754,490,313,97,38,-980
20390,525,235,653,772,481,303,106,28,-961
20406,676,147,524,745,500,313,97,28,-970
20421,888,411,603,763,481,313,106,19,-980
20437,929,313,198,754,481,313,97,28,-970
20453,959,333,39,754,481,313,97,38,-980
20468,1222,264,39,772,472,292,87,38,-980
20484,1464,137,-89,763,500,272,97,47,-990
20500,1040,313,-287,772,481,282,97,47,-970
20515,717,323,-524,763,490,282,97,47,-990
20531,454,68,-900,763,490,282,116,28,-980
20546,333,-78,-811,763,481,313,87,38,-980
20562,464,68,-940,763,481,303,97,47,-980
20578,565,117,-792,754,481,303,106,28,-961
20593,292,-49,-1069,754,490,282,87,47,-990
20609,-40,58,-792,754,481,303,97,38,-970
20625,50,68,-871,763,490,323,116,19,-990
20640,80,68,-920,763,481,303,87,38,-961
20656,111,58,-891,763,490,323,97,28,-990
20671,40,-39,-970,754,481,303,97,38,-980
20687,-10,-49,-970,763,490,292,97,47,-961
20703,10,-19,-1009,754,481,323,97,28,-990
20718,70,19,-1000,763,481,292,97,28,-961
20734,30,49,-930,754,472,303,87,38,-970
20750,30,49,-930,754,490,292,87,38,-961
20765,0,19,-1029,763,490,303,97,28,-980
20781,-30,0,-990,754,490,303,106,38,-970
20796,-20,39,-950,754,481,292,106,28,-980
20812,30,58,-920,754,481,292,106,47,-980
20828,-10,9,-910,763,481,323,97,19,-990
20843,-50,39,-960,772,472,303,97,38,-980
20859,-60,0,-990,772,472,292,97,38,-980
20875,-50,39,-980,745,481,303,106,38,-970
20890,-30,107,-900,754,472,313,97,47,-990
20906,-60,68,-950,754,490,313,106,47,-970
20921,40,88,-970,763,481,313,97,28,-970
20937,40,88,-970,763,500,303,97,38,-990
20953,-10,78,-940,763,500,303,97,47,-980
20968,30,117,-910,763,490,313,97,47,-980
20984,20,78,-960,754,490,282,97,38,-951
21000,20,19,-950,772,472,313,106,38,-980
21015,-10,88,-940,736,481,303,106,38,-990
21031,-10,117,-940,763,481,292,97,38,-961
21046,20,88,-940,772,481,303,106,38,-980
21062,50,98,-940,754,490,303,87,57,-980
21078,40,78,-980,772,481,303,87,57,-980
21093,40,58,-960,763,490,282,97,38,-961
21109,10,68,-950,772,462,313,97,47,-980
21125,40,78,-950,763,490,303,87,38,-961
21140,10,117,-910,763,490,282,106,38,-990
21156,30,98,-960,772,481,303,87,38,-961
21171,0,49,-990,763,481,303,97,47,-970
21187,70,78,-960,763,490,282,106,38,-980
21203,40,127,-960,763,472,303,106,38,-970
21218,20,117,-920,763,472,313,97,38,-980
21234,0,88,-940,754,472,303,87,38,-980
21250,30,78,-1019,763,500,292,97,38,-970
21265,20,107,-940,763,490,292,116,38,-961
21281,20,88,-970,763,490,323,116,38,-961
21296,20,88,-920,763,490,292,106,38,-980
21312,60,127,-950,772,462,292,77,47,-961
21328,20,107,-930,745,490,303,97,28,-970
21343,30,88,-1029,754,490,313,97,47,-980
21359,40,98,-980,763,490,282,87,47,-961
21375,40,137,-940,754,490,303,106,38,-990
21390,70,127,-910,745,490,292,97,38,-970
21406,50,98,-980,763,500,292,106,28,-990
21421,20,68,-1019,763,490,282,106,47,-951
21437,20,88,-980,763,481,292,97,28,-990
21453,40,107,-960,754,481,323,106,38,-990
21468,30,98,-970,772,472,303,106,38,-961
21484,30,88,-950,754,500,272,97,28,-990
21500,50,127,-950,763,490,313,106,28,-961
21515,50,107,-980,763,481,282,106,38,-970
21531,50,107,-960,763,481,282,106,38,-990
21546,30,107,-950,745,481,303,87,28,-970
21562,20,117,-950,763,481,282,106,47,-980
21578,60,137,-960,763,481,292,97,38,-980
21593,30,98,-1000,754,490,313,87,47,-970
21609,30,88,-960,754,490,292,106,47,-980
21625,60,127,-960,772,500,292,116,38,-970
21640,20,98,-950,754,481,303,87,47,-970
21656,50,117,-940,754,490,303,87,38,-961
21671,30,117,-930,754,490,303,97,19,-980
21687,60,127,-990,754,472,303,97,47,-980
21703,20,88,-990,763,472,313,106,28,-970
21718,-10,117,-960,763,462,313,106,28,-980
21734,10,98,-940,745,490,282,97,38,-990
21750,50,107,-930,763,481,313,116,47,-980
21765,30,117,-920,754,481,292,116,47,-980
21781,50,107,-930,754,481,303,97,28,-980
21796,70,98,-980,754,481,303,97,28,-961
21812,30,98,-980,772,481,303,87,47,-970
21828,40,98,-970,754,481,333,97,47,-961
21843,30,137,-930,754,490,282,97,28,-980
21859,40,127,-940,763,481,323,97,38,-970
21875,40,98,-970,754,481,303,106,28,-961
21890,50,88,-960,754,481,303,97,38,-961
21906,20,88,-950,745,490,292,97,47,-980
21921,20,137,-960,763,481,303,97,38,-980
21937,0,117,-930,754,490,282,97,28,-970
21953,30,107,-940,763,472,272,106,38,-970
21968,30,107,-980,763,500,272,87,47,-980
21984,20,117,-1000,754,481,303,145,66,-990
22000,20,107,-960,763,490,282,97,57,-980
22015,30,107,-980,763,490,303,87,38,-980
22031,50,107,-950,763,481,303,106,47,-990
22046,40,117,-950,754,481,313,106,57,-990
22062,40,107,-970,754,481,303,87,38,-961
22078,10,117,-990,763,500,282,87,47,-990
22093,20,107,-960,754,490,303,106,28,-990
22109,40,117,-930,763,490,303,116,28,-990
22125,30,107,-930,763,490,303,126,28,-951
22140,50,117,-1000,754,481,282,97,38,-990
22156,40,88,-960,754,472,303,67,38,-961
22171,40,88,-960,754,490,292,67,38,-980
22187,60,98,-910,763,500,272,106,28,-990
22203,20,117,-910,754,481,292,116,28,-980
22218,40,107,-950,763,472,282,126,28,-980
22234,30,98,-980,754,490,292,97,38,-990
22250,30,107,-980,763,490,303,77,38,-970
22265,40,127,-970,754,490,292,58,38,-990
22281,40,107,-950,754,490,292,106,38,-970
22296,30,127,-960,754,472,303,126,38,-990
22312,20,107,-940,772,462,303,116,28,-951
22328,10,78,-960,754,490,313,77,47,-970
22343,30,88,-960,763,481,292,67,38,-990
22359,0,117,-960,763,481,303,87,28,-970
22375,20,98,-930,754,481,313,87,28,-970
22390,30,88,-1000,754,481,313,106,28,-980
22406,10,98,-950,754,500,292,126,28,-980
22421,10,98,-950,763,472,323,116,38,-990
22437,30,107,-940,754,481,292,77,47,-951
22453,30,107,-940,754,481,292,67,47,-990
22468,30,98,-990,754,481,292,97,28,-980
22484,0,78,-970,754,500,303,97,28,-980
22500,0,78,-970,754,500,303,97,47,-970
22515,60,107,-980,763,490,303,116,28,-980
22531,20,98,-940,754,490,282,106,38,-970
22546,20,98,-950,754,500,272,87,47,-961
22562,20,98,-960,763,481,303,77,38,-1000
22578,20,98,-960,763,490,282,77,38,-1000
22593,30,98,-970,772,481,292,87,38,-980
22609,20,107,-940,754,472,303,87,28,-961
22625,30,107,-940,736,481,282,106,38,-990
22640,20,88,-970,763,490,313,116,38,-980
22656,0,107,-980,763,472,303,97,47,-961
22671,30,117,-990,754,490,303,87,38,-990
22687,40,98,-990,754,490,282,87,38,-990
22703,30,127,-960,763,481,303,77,38,-961
22718,30,107,-970,754,500,303,97,38,-961
22734,30,107,-970,763,490,292,106,38,-961
22750,30,107,-960,754,481,313,116,38,-961
22765,10,98,-950,745,500,292,106,38,-970
22781,-10,88,-980,754,490,303,87,38,-980
22796,20,88,-960,745,481,292,77,38,-990
22812,40,127,-920,772,472,313,116,28,-990
22828,-10,88,-990,754,490,313,116,28,-990
22843,-20,98,-960,754,500,313,97,38,-961
22859,-20,98,-960,754,472,323,106,47,-1000
22875,10,117,-940,745,500,292,106,38,-970
22890,20,98,-980,754,481,313,87,47,-990
22906,10,68,-950,754,490,282,87,38,-980
22921,20,98,-950,754,472,313,97,38,-970
22937,20,107,-960,763,490,303,106,47,-980
22953,50,137,-970,763,490,292,116,38,-990
22968,40,117,-950,763,490,292,106,28,-980
22984,10,98,-960,754,490,272,97,38,-970
23000,10,88,-970,781,462,313,97,38,-970
23015,-10,88,-980,745,490,292,87,47,-990
23031,20,107,-970,763,472,313,97,28,-980
23046,20,117,-970,736,481,303,87,38,-990
23062,0,107,-970,763,481,303,116,28,-970
23078,10,147,-960,754,481,292,116,38,-970
23093,30,107,-1029,754,490,292,87,38,-980
23109,40,117,-1019,763,481,303,87,28,-980
23125,-10,107,-980,763,481,303,97,38,-970
23140,-20,88,-851,763,490,292,87,38,-990
23156,60,156,-653,763,481,313,116,38,-951
23171,333,39,-346,754,490,313,97,47,-990
23187,636,9,-148,772,481,303,106,28,-980
23203,1555,-186,0,763,481,323,87,38,-961
23218,1878,9,386,763,500,303,97,38,-1000
23234,1181,313,158,763,490,303,97,47,-990
23250,1343,588,-346,754,481,282,97,28,-970
23265,434,147,811,754,481,323,97,28,-970
23281,20,382,1168,754,481,313,106,38,-980
23296,141,333,1168,763,490,303,106,28,-970
23312,10,303,1188,772,472,282,77,28,-980
23328,30,235,1069,754,490,303,87,47,-970
23343,80,235,762,736,490,282,97,28,-980
23359,20,264,712,763,490,292,106,57,-1009
23375,-20,245,821,763,481,313,87,47,-970
23390,-101,284,1108,763,481,313,106,38,-970
23406,-40,9,1475,763,490,292,87,38,-970
23421,-20,166,980,754,472,303,97,28,-990
23437,-70,225,910,754,490,313,97,38,-970
23453,-70,205,910,763,481,292,97,47,-980
23468,-20,225,871,763,481,292,106,38,-951
23484,-90,196,1009,754,490,303,116,38,-990
23500,-101,98,1247,763,490,313,97,38,-980
23515,-171,205,1118,763,490,282,87,28,-970
23531,-202,137,1029,763,481,313,87,47,-970
23546,-80,127,1029,745,490,303,116,28,-970
23562,-30,147,1019,754,490,303,97,38,-970
23578,-70,127,1049,763,472,313,106,47,-1000
23593,-121,137,1029,772,462,313,106,28,-980
23609,-151,176,1029,754,481,303,87,38,-980
23625,-161,176,1049,754,490,292,106,47,-990
23640,-80,137,990,754,481,313,87,28,-980
23656,-40,98,1029,754,481,313,87,28,-980
23671,-80,147,1029,754,490,323,87,28,-980
23687,-181,107,1069,754,490,323,106,38,-970
23703,-141,117,1049,772,490,292,106,38,-961
23718,-50,107,1079,772,472,323,97,38,-1000
23734,-20,127,980,772,481,303,87,38,-961
23750,-70,147,950,763,481,313,97,38,-990
23765,-70,137,881,754,490,292,87,47,-980
23781,-101,117,1059,754,490,292,106,38,-980
23796,-60,127,1099,763,481,303,97,47,-951
23812,-111,68,1118,763,481,303,97,47,-970
23828,-40,127,1039,763,481,282,87,47,-990
23843,-40,117,990,745,490,323,97,47,-970
23859,-40,127,1000,754,490,292,97,38,-990
23875,-70,127,980,763,481,313,106,38,-961
23890,-50,117,1009,754,490,313,106,28,-990
23906,-50,98,1138,772,472,292,97,38,-961
23921,-70,98,990,763,481,313,97,28,-980
23937,-50,117,950,754,500,282,87,28,-990
23953,-70,98,1029,763,481,313,97,28,-970
23968,-60,117,1039,763,490,292,97,38,-980
23984,-10,88,970,763,481,292,97,47,-980
24000,-10,88,1049,754,500,303,97,28,-970
24015,-20,117,1049,763,490,303,116,19,-980
24031,-10,107,1009,754,481,282,106,47,-980
24046,-30,107,1009,754,500,292,97,28,-970
24062,-60,107,1029,772,481,323,97,38,-970
24078,-40,117,990,763,490,292,106,47,-980
24093,-50,127,1039,763,481,303,106,47,-990
24109,-20,107,990,772,472,303,77,38,-970
24125,0,98,1059,772,490,292,97,47,-980
24140,-40,127,1029,763,481,303,106,47,-990
24156,-40,117,1019,754,490,292,87,57,-961
24171,-50,107,1019,754,472,333,106,28,-980
24187,0,107,1029,754,472,333,106,38,-961
24203,30,88,1079,754,481,313,87,47,-980
24218,10,88,1029,763,481,292,106,28,-990
24234,-10,98,1009,772,472,323,106,28,-970
24250,-30,98,1019,772,472,323,87,38,-1000
24265,-30,107,1009,763,490,282,97,38,-970
24281,-20,117,1049,772,472,282,97,38,-970
24296,-20,98,1059,754,490,313,97,38,-980
24312,-20,98,1059,754,490,313,106,38,-980
24328,-10,107,1009,763,500,333,87,38,-970
24343,-10,107,1009,763,481,282,87,38,-961
24359,-20,107,980,763,481,282,97,38,-970
24375,-10,117,990,754,500,292,106,38,-990
24390,-30,107,1059,754,490,303,97,28,-970
24406,0,107,1039,754,490,292,87,38,-970
24421,0,98,1009,763,481,303,97,47,-970
24437,-10,98,1029,745,490,313,97,28,-990
24453,0,88,1099,772,481,323,97,38,-961
24468,10,49,1000,772,472,303,106,47,-970
24484,-10,78,1000,772,462,313,97,38,-990
24500,0,107,970,763,472,282,87,38,-961
24515,10,127,980,763,490,313,87,38,-990
24531,-10,98,1000,754,481,282,106,38,-980
24546,-30,117,1049,745,490,313,106,38,-980
24562,-10,117,1019,745,490,313,87,47,-961
24578,-20,117,1029,745,490,333,97,38,-990
24593,-10,98,1009,772,490,272,106,38,-970
24609,20,88,1049,763,481,323,87,38,-980
24625,-10,107,1089,763,481,292,97,47,-980
24640,10,107,1009,772,481,323,97,28,-970
24656,-20,107,1039,754,481,303,97,47,-970
24671,-30,107,1049,772,472,303,106,19,-970
24687,40,98,960,763,481,303,97,47,-990
24703,0,78,1039,763,472,292,87,28,-970
24718,10,107,1079,745,500,303,97,38,-990
24734,-10,107,1029,763,500,262,87,38,-970
24750,-30,117,990,763,481,292,97,47,-980
24765,-30,107,1009,763,490,282,106,28,-970
24781,10,98,1000,763,481,303,97,38,-961
24796,20,98,1000,781,472,292,87,47,-980
24812,-10,107,1000,754,472,313,97,38,-980
24828,-30,117,1039,763,490,313,87,38,-980
24843,-10,78,1099,754,490,282,97,47,-990
24859,40,58,1059,754,481,313,97,28,-970
24875,60,68,1039,754,481,313,106,38,-980
24890,30,98,1029,763,490,303,97,38,-980
24906,-40,127,1039,754,500,313,67,47,-961
24921,10,127,990,763,500,282,97,47,-970
24937,10,68,1000,754,481,333,97,38,-970
24953,40,98,1029,754,481,333,97,47,-970
24968,30,78,1000,754,481,313,106,47,-970
24984,10,117,980,754,490,282,97,57,-980
25000,-10,107,1019,754,490,292,87,38,-990
25015,10,98,1089,763,481,313,87,47,-961
25031,40,117,1039,754,481,313,106,19,-990
25046,40,88,1009,763,462,313,97,38,-980
25062,50,78,1009,754,481,292,106,38,-961
25078,10,98,1029,745,490,313,106,38,-961
25093,30,107,1039,754,481,313,97,38,-970
25109,20,98,1019,736,490,323,87,38,-961
25125,20,127,1019,763,490,313,106,47,-970
25140,0,68,1029,754,481,303,87,47,-961
25156,40,78,1000,754,481,323,106,38,-980
25171,30,88,1029,763,490,292,106,38,-990
25187,20,98,1019,754,490,323,106,38,-990
25203,20,127,980,763,500,292,106,38,-970
25218,40,78,1019,754,481,303,87,47,-970
25234,40,68,1029,754,490,323,97,38,-990
25250,10,98,1000,763,490,282,87,28,-990
25265,10,117,1029,754,472,292,97,47,-980
25281,30,127,1029,772,490,313,106,47,-990
25296,50,107,1009,754,500,303,97,28,-990
25312,0,98,1039,763,481,292,106,38,-990
25328,20,127,1049,745,481,313,97,38,-980
25343,70,88,1059,763,481,282,97,28,-961
25359,70,98,1009,754,481,292,87,47,-970
25375,50,88,980,754,500,282,97,38,-970
25390,40,88,1049,754,490,292,97,28,-961
25406,0,107,1079,754,490,292,77,38,-961
25421,0,88,1039,754,481,303,97,47,-980
25437,30,107,990,772,490,282,106,38,-970
25453,50,68,990,754,472,282,87,47,-961
25468,40,88,1019,745,481,303,106,38,-1000
25484,20,88,1049,763,490,282,106,38,-970
25500,0,78,1069,763,481,282,97,38,-990
25515,10,107,1029,772,481,303,97,19,-980
25531,50,98,1029,763,481,292,97,28,-980
25546,60,88,1000,763,490,313,87,47,-970
25562,20,98,990,754,490,292,97,38,-970
25578,20,88,990,754,472,313,97,47,-980
25593,30,68,1029,754,500,303,87,38,-990
25609,30,68,1049,772,472,313,97,28,-961
25625,50,58,1049,763,481,313,97,47,-1000
25640,60,78,1000,754,490,282,106,28,-970
25656,30,88,1039,763,490,313,97,47,-980
25671,20,88,1069,754,481,303,97,47,-980
25687,20,98,1029,763,490,262,106,38,-970
25703,10,98,1009,763,472,282,97,47,-961
25718,20,98,1019,745,490,272,87,38,-970
25734,50,78,1049,745,490,282,106,28,-980
25750,20,78,1049,745,490,282,87,38,-970
25765,30,107,990,763,490,303,87,38,-970
25781,20,68,1009,763,500,292,97,28,-1000
25796,30,68,1019,754,481,282,87,38,-951
25812,10,98,1069,754,500,272,97,28,-980
25828,60,68,990,754,481,292,97,47,-970
25843,0,107,1039,763,490,282,87,28,-970
25859,10,98,1029,763,481,303,106,38,-990
25875,10,98,1039,763,472,292,106,47,-970
25890,20,78,1029,763,500,313,87,38,-970
25906,10,88,1029,763,490,282,87,47,-970
25921,30,68,1009,772,490,313,106,38,-990
25937,20,98,980,754,490,292,106,28,-980
25953,20,78,980,745,500,282,87,28,-980
25968,10,88,1039,763,490,313,97,38,-980
25984,10,78,1089,772,500,292,97,47,-970
26000,10,78,1049,763,481,303,87,28,-970
26015,20,78,1069,763,490,303,97,28,-980
26031,80,127,1009,772,490,262,97,28,-980
26046,50,98,1069,763,490,303,106,47,-980
26062,70,88,1108,754,500,292,87,47,-961
26078,70,88,1108,763,490,282,106,38,-990
26093,131,323,960,745,490,292,106,38,-990
26109,202,284,1000,772,490,313,97,38,-980
26125,474,0,940,763,490,313,97,28,-970
26140,474,0,940,763,490,303,97,38,-1000
26156,505,58,1039,745,490,292,97,38,-970
26171,696,225,663,745,490,292,116,19,-980
26187,949,176,643,763,490,282,97,38,-970
26203,656,-156,564,763,490,292,87,28,-970
26218,1181,-78,306,754,490,282,87,28,-961
26234,606,205,287,754,490,292,87,38,-961
26250,878,392,188,772,481,272,106,47,-990
26265,1262,323,178,763,481,292,97,38,-961
26281,1040,362,-108,772,481,282,87,38,-980
26296,828,205,-336,763,490,323,116,28,-980
26312,848,137,-544,763,490,282,77,38,-941
26328,1131,225,-435,772,472,272,97,47,-980
26343,484,58,-633,772,490,292,106,28,-980
26359,323,176,-851,754,490,282,97,38,-970
26375,131,303,-792,763,481,292,97,38,-980
26390,80,215,-653,763,472,323,106,47,-990
26406,191,166,-960,754,500,303,87,38,-980
26421,20,9,-1009,763,472,292,97,38,-990
26437,-101,-9,-970,763,490,303,106,28,-990
26453,-30,78,-940,745,481,313,97,47,-990
26468,60,78,-910,754,490,303,106,38,-961
26484,-30,127,-891,763,500,282,97,47,-970
26500,-121,78,-900,754,500,292,106,38,-990
26515,-80,-39,-1079,763,500,272,87,38,-980
26531,-40,88,-980,763,490,282,106,47,-951
26546,-50,98,-940,772,472,303,106,28,-970
26562,-60,127,-970,763,490,303,97,28,-951
26578,50,88,-990,754,490,282,97,38,-990
26593,-90,58,-1009,772,481,303,106,38,-1000
26609,-111,0,-1019,745,490,313,97,47,-961
26625,-10,49,-1049,763,509,282,97,38,-970
26640,-60,78,-960,754,490,303,106,38,-990
26656,10,127,-960,754,490,292,106,38,-951
26671,-90,88,-970,763,490,303,97,38,-980
26687,-161,58,-1019,754,500,282,106,28,-970
26703,-50,29,-950,763,490,282,87,47,-970
26718,-80,78,-940,763,500,262,97,47,-980
26734,-70,88,-940,754,490,282,97,38,-951
26750,-80,58,-1000,754,500,292,97,47,-980
26765,-60,49,-980,763,490,303,106,38,-990
26781,-50,107,-960,781,472,323,106,38,-970
26796,-50,68,-940,763,490,292,87,47,-980
26812,-50,68,-920,763,490,313,77,38,-970
26828,-70,49,-990,763,500,282,97,38,-990
26843,-10,68,-990,763,500,282,97,38,-970
26859,-50,58,-930,736,490,303,77,38,-961
26875,-40,78,-940,754,500,313,106,28,-961
26890,-90,39,-940,763,481,303,97,28,-980
26906,-50,68,-940,772,500,292,97,38,-961
26921,-30,117,-930,754,490,292,77,38,-961
26937,-40,78,-930,763,500,303,87,19,-980
26953,-70,78,-900,763,490,292,97,47,-980
26968,-70,58,-910,754,481,292,87,38,-980
26984,-70,58,-970,754,481,292,106,28,-970
27000,-111,98,-900,745,490,272,106,28,-970
27015,-90,68,-910,763,500,272,106,28,-990
27031,-101,58,-900,772,490,292,97,38,-990
27046,-60,58,-970,763,481,292,87,57,-970
27062,-111,78,-980,763,500,282,106,47,-1009
27078,-90,88,-960,745,500,292,97,38,-961
27093,-30,117,-920,754,490,272,97,38,-961
27109,0,98,-1019,754,490,282,87,28,-980
27125,-60,49,-980,754,490,282,97,47,-1000
27140,-60,107,-1009,763,490,303,97,38,-961
27156,-10,107,-990,754,490,313,97,47,-990
27171,-30,58,-1019,763,500,303,106,28,-970
27187,-30,19,-1000,763,490,292,97,38,-970
27203,-60,88,-950,763,481,282,106,38,-980
27218,10,98,-950,772,481,282,67,57,-951
27234,-50,127,-940,763,490,292,97,47,-980
27250,0,117,-960,763,481,303,106,28,-961
27265,80,78,-1000,754,490,313,87,47,-951
27281,10,49,-930,772,490,292,97,47,-980
27296,40,137,-980,772,490,292,106,47,-980
27312,0,107,-910,772,490,303,97,47,-990
27328,-50,58,-980,745,500,272,97,47,-990
27343,-60,-9,-990,763,490,292,97,38,-980
27359,-60,58,-1019,763,490,292,106,38,-980
27375,-20,49,-1069,754,500,272,97,38,-980
27390,0,29,-1039,745,490,303,97,38,-980
27406,101,-49,-1039,763,500,282,77,38,-980
27421,111,-78,-1099,754,481,303,87,38,-980
27437,90,-39,-1089,754,481,292,106,47,-951
27453,111,-29,-1168,763,481,292,87,38,-980
27468,121,-78,-1198,754,490,303,97,28,-970
27484,90,-58,-1138,763,500,292,116,19,-951
27500,101,-58,-1099,772,481,333,97,47,-1019
27515,111,-78,-1089,772,500,292,97,28,-980
27531,60,-88,-1079,754,472,292,97,28,-970
27546,121,-107,-1009,763,472,303,97,47,-1000
27562,101,-58,-990,754,490,282,106,28,-961
27578,131,-49,-980,763,490,292,97,38,-970
27593,131,-49,-1009,763,490,292,97,38,-990
27609,111,-58,-960,763,490,313,97,28,-970
27625,131,-68,-990,763,490,303,97,38,-980
27640,101,-49,-1019,745,481,282,106,38,-990
27656,101,-49,-980,772,490,292,97,57,-980
27671,141,-19,-1039,763,490,313,97,28,-970
27687,141,-19,-1039,763,490,292,97,38,-980
27703,40,-49,-1029,772,490,282,106,47,-970
27718,60,-58,-980,754,490,292,106,47,-970
27734,0,-58,-1049,736,490,313,106,28,-970
27750,0,-58,-1049,754,490,313,106,38,-980
27765,-30,-68,-1059,754,481,292,97,28,-990
27781,-30,-68,-1059,763,490,303,97,38,-970
27796,-20,-29,-1019,754,500,292,106,28,-961
27812,10,-29,-990,772,490,272,97,47,-980
27828,-10,-9,-1009,763,490,303,106,19,-990
27843,30,39,-1009,763,490,292,97,47,-980
27859,0,39,-990,754,490,313,106,38,-961
27875,-20,0,-1000,754,500,282,106,38,-990
27890,30,0,-1079,754,500,292,87,47,-990
27906,-30,29,-990,763,490,272,97,47,-961
27921,-20,88,-940,772,481,303,97,47,-961
27937,101,58,-970,763,481,303,97,38,-970
27953,30,-9,-1168,763,481,282,97,38,-961
27968,111,-19,-1128,772,490,313,87,38,-1000
27984,0,39,-1069,763,490,292,97,57,-961
28000,30,19,-1000,763,500,292,97,38,-980
28015,20,-29,-1039,772,500,292,106,38,-990
28031,80,-49,-980,763,500,262,106,38,-961
28046,151,-58,-1138,763,490,292,97,38,-970
28062,171,-147,-930,781,490,272,77,38,-980
28078,80,-186,-1000,772,472,303,97,38,-961
28093,191,-186,-881,772,481,292,97,47,-990
28109,212,-58,-712,745,481,292,97,38,-970
28125,292,0,-732,763,481,292,126,38,-1000
28140,333,117,-871,745,500,292,87,38,-961
28156,131,-88,-782,745,500,282,106,38,-980
28171,131,-88,-782,754,509,252,97,19,-970
28187,343,-58,-1079,745,518,222,77,38,-970
28203,101,-156,-1019,772,490,292,97,38,-990
28218,70,-186,-960,781,500,262,106,28,-961
28234,111,-107,-722,781,500,262,87,38,-980
28250,191,0,-821,772,481,262,97,47,-970
28265,60,-19,-782,790,472,292,97,38,-970
28281,80,-107,-871,800,481,262,106,19,-970
28296,212,-58,-881,790,490,262,106,38,-970
28312,343,127,-861,800,453,292,106,38,-980
28328,343,147,-841,772,472,282,97,38,-961
28343,313,68,-801,781,444,272,116,28,-970
28359,202,-19,-930,763,453,272,106,38,-961
28375,232,-9,-841,763,453,272,97,28,-980
28390,181,9,-910,772,453,232,106,19,-980
28406,262,-19,-930,790,444,272,87,38,-990
28421,171,19,-831,763,435,272,97,38,-1000
28437,232,-39,-920,800,453,252,97,38,-990
28453,131,-88,-910,763,425,252,106,38,-970
28468,141,-88,-940,781,416,272,97,38,-990
28484,121,-58,-861,809,388,303,97,28,-980
28500,121,-58,-871,781,407,292,106,28,-980
28515,121,-9,-891,800,407,292,97,38,-980
28531,60,-49,-950,800,444,323,97,38,-951
28546,80,-88,-930,827,435,292,87,38,-980
28562,20,-68,-930,809,453,292,97,28,-980
28578,70,-49,-891,809,453,292,106,28,-961
28593,70,-39,-881,827,416,292,106,57,-1000
28609,121,-58,-920,818,407,292,106,57,-1000
28625,50,-39,-940,818,379,303,97,28,-970
28640,50,-88,-881,800,388,313,97,38,-970
28656,40,-58,-851,827,398,333,106,38,-961
28671,90,-39,-900,845,388,373,106,19,-970
28687,111,-29,-910,845,388,373,87,38,-980
28703,80,-39,-970,863,388,343,106,28,-990
28718,101,-68,-940,872,398,353,97,38,-980
28734,30,-39,-910,881,407,353,97,38,-980
28750,30,-39,-910,872,379,373,77,38,-980
28765,90,19,-950,890,370,353,97,38,-980
28781,40,9,-940,900,361,353,106,38,-970
28796,60,-49,-980,890,361,343,97,38,-970
28812,30,-78,-970,881,324,363,97,47,-951
28828,50,-49,-960,845,287,323,106,28,-980
28843,20,-68,-980,818,277,323,106,38,-951
28859,50,-39,-930,809,277,323,87,38,-970
28875,20,-39,-970,790,277,333,106,28,-980
28890,20,-39,-970,800,259,333,106,38,-951
28906,10,-29,-930,772,250,313,87,38,-961
28921,50,-19,-980,800,250,292,97,38,-961
28937,70,-39,-970,763,240,282,97,38,-970
28953,70,-39,-970,745,240,292,87,47,-1000
28968,30,-29,-960,754,231,292,97,38,-990
28984,60,0,-970,745,240,292,87,38,-970
29000,60,-39,-940,754,222,323,106,38,-980
29015,60,-39,-940,754,212,292,106,38,-970
29031,40,-9,-980,727,212,292,97,38,-961
29046,70,-39,-970,772,212,242,106,47,-990
29062,40,-9,-910,745,212,282,97,28,-980
29078,60,39,-950,772,231,262,87,38,-980
29093,60,39,-950,800,222,303,87,38,-961
29109,50,-29,-970,818,250,262,97,38,-970
29125,10,-49,-960,854,268,252,87,38,-961
29140,30,-49,-980,827,259,313,106,47,-980
29156,70,-9,-970,872,287,242,106,28,-980
29171,30,-9,-960,890,277,272,97,38,-970
29187,30,-49,-970,909,296,252,97,38,-941
29203,30,-39,-970,909,277,232,97,38,-980
29218,40,-49,-950,863,305,212,87,38,-980
29234,50,-78,-990,890,305,161,97,38,-980
29250,40,-19,-980,1009,361,242,97,47,-970
29265,60,-29,-960,990,342,222,97,38,-970
29281,20,-88,-970,881,333,272,97,38,-970
29296,20,-88,-970,918,305,252,106,38,-980
29312,10,-78,-970,927,324,262,97,47,-970
29328,30,-9,-930,954,314,222,97,38,-980
29343,50,29,-960,954,314,222,97,38,-980
29359,30,29,-950,872,268,222,116,19,-961
29375,10,-58,-950,836,250,202,97,28,-990
29390,-20,-107,-960,781,259,171,106,47,-961
29406,10,-29,-980,809,277,141,106,38,-980
29421,-10,-49,-940,818,277,121,87,47,-961
29437,40,58,-920,845,296,131,97,38,-980
29453,30,9,-891,854,324,161,106,19,-980
29468,30,49,-891,854,305,171,106,38,-970
29484,40,9,-970,881,361,181,87,28,-990
29500,-30,-78,-950,881,361,181,106,38,-980
29515,60,-88,-970,890,324,181,97,57,-970
29531,90,39,-930,890,324,151,97,47,-990
29546,111,98,-900,890,342,202,106,38,-990
29562,90,9,-980,863,333,232,106,38,-990
29578,50,-39,-980,854,324,232,77,9,-961
29593,20,-39,-990,836,296,242,106,85,-990
29609,10,-39,-1000,836,296,242,97,9,-932
29625,10,-39,-1029,845,324,252,97,57,-970
29640,-20,-98,-910,872,324,242,97,38,-980
29656,-20,-98,-910,890,361,212,106,38,-970
29671,-575,-147,-1930,872,333,222,116,9,-970
29687,515,39,-910,863,324,212,116,38,-990
29703,-30,-98,-871,854,314,181,87,38,-990
29718,10,-39,-940,863,287,171,87,38,-990
29734,30,0,-920,845,324,151,97,47,-980
29750,252,-725,-594,845,314,202,97,28,-951
29765,-242,-215,-1178,854,305,212,97,47,-941
29781,-222,78,-1049,854,314,202,87,104,-854
29796,20,78,-1247,881,305,202,106,38,-980
29812,-131,-19,-1059,881,314,222,106,19,-980
29828,-40,-9,-950,881,314,232,97,28,-970
29843,-60,-39,-960,872,314,222,106,28,-990
29859,-20,-29,-970,872,296,232,106,38,-970
29875,90,58,-1029,836,314,222,106,28,-980
29890,161,49,-1000,854,296,212,97,47,-970
29906,171,-78,-930,863,296,232,97,28,-970
29921,202,-58,-801,836,296,232,106,28,-1009
29937,333,-470,-1376,800,314,191,97,47,-980
29953,313,-225,-861,872,324,151,97,28,-970
29968,222,-225,-1019,881,333,161,97,38,-980
29984,0,-352,-841,854,333,131,97,38,-1000
30000,-60,-460,-772,845,324,131,106,28,-980
30015,-10,-382,-871,854,305,151,106,28,-970
30031,-10,-382,-871,863,287,161,97,47,-1000
30046,60,-392,-881,836,314,171,116,28,-951
30062,40,-362,-920,854,296,191,106,38,-951
30078,70,-431,-920,854,296,212,97,57,-1000
30093,-80,-441,-861,881,296,222,97,19,-961
30109,-50,-401,-940,863,305,242,97,38,-961
30125,50,-372,-871,872,277,222,106,47,-951
30140,101,-382,-881,863,287,242,106,38,-961
30156,141,-421,-722,863,296,212,97,28,-980
30171,111,-470,-702,863,277,212,106,38,-980
30187,-70,-529,-683,863,287,212,106,9,-990
30203,-10,-529,-643,881,296,202,97,28,-980
30218,80,-441,-554,872,305,212,77,38,-941
30234,292,-490,-683,863,324,202,97,38,-990
30250,292,-490,-683,863,296,212,97,38,-951
30265,373,-480,-792,863,305,191,97,19,-990
30281,262,-549,-623,863,314,171,106,28,-941
30296,111,-607,-564,863,287,222,106,47,-980
30312,0,-696,-584,872,305,202,87,47,-970
30328,-111,-764,-524,881,296,242,97,38,-951
30343,-222,-735,-594,854,305,222,116,19,-980
30359,-171,-823,-514,872,296,232,106,38,-970
30375,-171,-823,-643,872,296,232,87,57,-1000
30390,-121,-803,-603,863,296,212,87,28,-970
30406,-141,-754,-564,863,296,212,106,28,-1000
30421,-70,-725,-663,863,296,202,106,28,-990
30437,60,-705,-742,845,305,191,77,28,-980
30453,-30,-715,-871,872,287,212,106,38,-961
30468,-191,-686,-841,872,305,202,67,47,-1000
30484,-212,-656,-861,854,305,202,106,38,-951
30500,-232,-764,-326,872,296,202,106,38,-1000
30515,-242,-568,-663,863,287,191,106,47,-970
30531,-101,-519,-633,872,314,191,106,28,-990
30546,-90,-470,-693,854,305,181,106,28,-970
30562,-60,-431,-742,863,296,191,87,38,-970
30578,-292,-401,-900,845,314,202,97,28,-990
30593,-515,-480,-633,872,305,181,97,47,-961
30609,-636,-431,-534,872,296,212,97,38,-1009
30625,-666,-333,-594,872,296,212,97,47,-970
30640,-626,-274,-653,881,296,212,97,47,-970
30656,-616,-186,-534,863,296,191,97,38,-980
30671,-616,-186,-534,872,305,212,77,38,-990
30687,-393,-147,-534,863,296,212,106,28,-970
30703,-696,-274,-891,863,305,181,87,38,-970
30718,-686,-156,-673,872,296,222,97,47,-990
30734,-686,-156,-673,863,277,222,97,28,-970
30750,-656,-147,-811,863,305,191,87,47,-970
30765,-777,-176,-742,863,296,222,97,47,-970
30781,-777,-176,-742,863,305,191,106,38,-980
30796,-818,-235,-881,881,296,202,106,38,-990
30812,-707,-254,-950,854,296,222,106,38,-970
30828,-707,-254,-950,909,324,181,97,28,-980
30843,-686,-274,-900,854,305,191,97,38,-980
30859,-686,-274,-900,854,287,191,106,28,-980
30875,-868,-343,-752,845,287,202,106,38,-951
30890,-868,-343,-752,845,296,191,97,47,-990
30906,-939,-303,-702,863,296,171,106,28,-970
30921,-939,-303,-702,872,296,171,97,28,-990
30937,-939,-303,-702,863,305,171,106,28,-990
30953,-939,-303,-702,845,296,171,116,38,-970
30968,-939,-303,-702,863,305,202,97,38,-990
30984,-939,-303,-702,872,296,191,97,38,-980
31000,-939,-303,-702,872,305,191,97,38,-961
31015,-939,-303,-702,872,314,202,97,38,-990
31031,-939,-303,-702,881,296,212,97,28,-980
31046,-939,-303,-702,854,296,191,97,38,-980
31062,-939,-303,-702,854,351,151,77,47,-980
31078,-939,-303,-702,863,314,202,97,28,-961
31093,-939,-303,-702,890,287,222,97,38,-980
31109,-939,-303,-702,881,314,222,97,28,-961
31125,-939,-303,-702,881,314,171,106,57,-1009
31140,-939,-303,-702,881,305,202,97,38,-961
31156,-939,-303,-702,854,314,202,87,38,-980
31171,-939,-303,-702,854,314,181,97,38,-990
31187,-939,-303,-702,863,296,171,97,47,-970
31203,-939,-294,-623,845,314,181,106,38,-990
